true_label,pred_label,x,y,z,datatime_idx
2,2,0.20404851,-2.1622138,1.0788739,836
2,2,-0.27999878,-2.0547495,0.806087,852
4,4,0.93656886,2.4446244,1.8465922,1398
2,2,0.37750158,-2.00826,1.2388723,702
2,2,1.333931,-2.1430936,0.9756319,845
0,0,2.4248545,0.26807016,0.63831633,94
4,4,2.569707,2.3573449,0.49860048,1515
4,4,1.7840214,1.8162539,2.554051,1356
2,2,-0.7070358,-1.8903742,1.7092185,774
4,4,1.6202967,2.120621,1.1870774,1392
4,4,2.4105024,2.0716891,2.343242,1246
2,2,0.2871181,-2.5439126,1.6706228,870
4,4,1.012406,2.4325113,0.34536827,1409
2,2,0.20257838,-2.1705906,1.1369557,613
3,3,-5.197032,3.1099696,-1.3704021,980
2,2,0.39027762,-1.323451,1.9181364,703
2,2,2.188883,-2.4172282,1.5702057,668
3,3,-3.8694725,3.5891087,-1.495714,1153
4,4,2.160463,2.6394253,1.5590951,1445
3,3,-5.5803747,3.0246267,-0.9690747,1042
3,3,-1.3310409,3.4029503,-0.54444146,1152
2,2,0.2288732,-2.8051493,0.8029382,893
0,0,3.0127509,-0.25068521,-0.20207003,165
3,3,-3.948582,2.9222677,-1.0775796,1052
3,3,-4.112703,2.0821228,-2.2632923,1021
1,1,1.6384187,-2.8564003,-1.3961701,533
4,4,1.1639678,2.260344,0.53834856,1326
4,4,0.7089839,2.5609019,1.3220624,1329
0,0,2.6158412,-0.003675234,-0.11322659,84
3,3,-3.5750895,3.5414288,-1.241849,1019
1,1,1.6600909,-2.6709223,-1.4854074,386
2,2,-0.067296386,-1.6846088,1.5880734,867
3,3,-3.8490148,2.5991223,-1.9125696,1069
4,4,3.2628548,1.7266062,2.531286,1253
2,2,-0.32989323,-1.9944623,2.0216525,787
4,4,1.5976614,2.3576138,0.92605853,1299
4,4,1.2122879,1.6547992,0.42792815,1294
4,4,1.2996527,2.5823202,1.2545629,1301
4,4,1.4821568,1.4658444,0.7321965,1351
4,4,0.66414034,2.0425653,1.6488914,1285
2,2,0.435607,-2.615671,1.3454717,616
3,3,-3.7198393,3.2543657,-1.1143422,1050
1,1,0.32642063,-2.289871,-1.7192264,487
1,1,0.44150758,-2.2974944,-0.967894,406
1,1,0.45497936,-2.289997,-2.2264733,515
4,4,1.7476678,2.2713237,0.8384046,1225
3,3,-4.146432,2.3715904,-2.579001,957
4,4,1.9619024,1.9515808,1.4632224,1374
1,1,-1.27077,-2.697394,-1.2646306,476
2,2,1.2800395,-2.4395854,1.5017273,849
1,1,0.19817635,-2.4740722,-1.1171409,307
0,0,2.8637195,0.09719023,0.37917608,29
4,4,1.2789024,2.7045927,0.8689664,1506
2,2,0.1739741,-1.6729321,0.88690615,637
0,0,3.050416,-0.2786581,-0.831596,146
3,3,-3.5937138,2.8722115,-1.9257473,1132
3,3,-2.1114395,3.1212704,-1.6136006,1011
3,3,-3.8115392,2.5454762,-1.4314586,993
0,0,2.4788914,0.19845171,-0.29059985,13
1,1,1.4439254,-2.7479844,-1.3060088,567
3,3,-5.3827806,1.7050743,-1.6106138,961
4,4,1.2256734,2.6544113,2.0380294,1349
0,0,2.6754136,-0.10010047,0.47925663,273
0,0,2.686951,-0.1681031,0.8249815,298
2,2,0.79684186,-2.1390977,1.3796456,711
1,1,0.40283594,-2.3690035,-1.3161385,417
0,0,2.739504,0.001737908,-0.9029442,90
2,2,0.08225766,-2.0568473,2.1739674,733
2,2,1.3113441,-1.8416607,1.3977733,915
0,0,2.889654,0.29053408,-0.11788676,21
3,3,-6.2518754,3.5630784,-1.2373104,1148
4,4,1.9113327,1.9314876,1.5830235,1476
2,2,0.90491503,-2.3042789,1.446307,655
3,3,-2.7088804,3.6135979,-0.73862505,1085
0,0,3.0317411,1.1843364,-0.14784625,230
2,2,1.3493783,-1.8841897,1.9286809,800
1,1,-0.78802824,-2.0096712,-1.3735486,445
0,0,2.9856243,0.6349818,-0.47282386,197
2,2,0.33373067,-2.5009623,1.1760802,712
1,1,-0.15378508,-2.0342333,-2.023689,512
1,1,0.63166654,-2.1508458,-1.6546736,605
1,1,0.9592486,-2.5394886,-2.015888,597
0,0,2.5988727,-0.23501883,-0.11694887,82
4,4,1.9456409,0.96305275,2.167563,1321
1,1,0.11008111,-2.579614,-1.3894204,573
3,3,-4.5412874,3.2786174,-1.7179799,1135
3,3,-3.7128835,1.8776907,-1.6533957,1194
3,3,-3.9190443,2.292187,-0.73782176,972
4,4,0.81365645,2.184885,1.051673,1264
1,1,0.00537768,-2.574545,-1.5689434,482
3,3,-3.851129,3.820647,-1.1025264,1186
3,3,-3.6702337,2.635698,-1.4457499,974
3,3,-2.9454958,2.82971,-2.0723774,1129
0,0,2.8414567,0.62782747,-0.18642518,115
0,0,2.3968785,0.32379687,0.37320763,257
1,1,1.0345758,-2.1844497,-0.9299571,608
2,2,0.82947177,-2.6172185,1.7808223,847
0,0,3.0935524,0.54359406,-0.5454136,292
0,0,2.5608795,-0.51474345,-0.45563167,276
2,2,0.44904226,-1.5686958,1.9579505,905
4,4,1.2347405,2.4137251,-0.25775778,1401
1,1,-0.1582017,-1.9627892,-2.0630915,546
0,0,2.163579,-0.2024902,0.41501373,161
2,2,1.038614,-2.6140187,1.4291275,684
2,2,-0.4567641,-2.268232,1.8309946,757
0,0,2.016807,-0.5161153,-0.26023057,244
2,2,-0.29528815,-2.2437387,2.0861883,767
4,4,2.1510816,2.8660283,0.5920452,1230
2,2,0.6076398,-1.9665446,0.65754706,747
3,3,-5.0251923,2.6586833,-1.1554415,1139
2,2,1.0097952,-2.0761337,0.8596575,620
4,4,1.7491899,1.8077155,0.43859237,1503
1,1,0.6033983,-2.3910186,-1.050009,435
3,3,-7.401299,2.7273808,-1.9572971,969
4,4,1.9424102,3.072871,0.9678691,1312
2,2,0.7018998,-2.0945888,1.63874,678
2,2,0.71419334,-2.5748808,0.8834048,612
1,1,0.9864843,-2.3678465,-1.5710369,354
1,1,0.029630877,-2.2481577,-1.9064555,345
2,2,0.22864065,-1.7163191,1.5887458,645
3,3,-3.3673327,3.6167617,-0.5304862,1216
3,3,-3.5216436,2.9316533,-2.069254,1037
0,0,3.1963792,0.5057201,-0.078967735,116
1,1,0.11285895,-2.0808926,-2.0783844,580
0,0,2.9117744,-0.36895514,1.6598799,58
0,0,2.3466659,0.5530299,0.58574784,126
0,0,2.3780599,-0.00689137,-0.57204384,162
0,0,2.6750457,-1.0971078,0.054845035,240
1,1,0.2541821,-2.1955721,-1.7017008,320
1,1,0.77841276,-2.1699772,-1.7089005,562
2,2,-0.25103202,-1.6216084,1.3617055,869
2,2,0.6962669,-2.1088855,0.87218475,868
1,1,0.76371396,-2.2052104,-1.8081957,394
3,3,-2.6689806,3.4044614,-0.6714444,1155
1,1,1.0432228,-2.50176,-1.5196157,604
0,0,2.3902452,0.895404,0.14151296,267
2,2,0.27454573,-2.5427794,2.7777193,669
0,0,2.8291492,0.53935874,-0.1870017,168
4,4,0.9011144,2.4900978,0.56317055,1381
4,4,1.5422736,1.8018461,1.3158278,1310
4,4,1.3499873,2.5159154,1.9126863,1460
3,3,-5.4729085,2.640267,-1.6943469,1003
1,1,0.17597626,-2.5815024,-0.66364056,381
0,0,2.3730843,1.234935,0.5980073,300
3,3,-4.3663025,3.1669114,-2.3324294,1193
1,1,-0.5208757,-2.0159936,-1.6930258,551
0,0,2.7281752,1.0637187,0.73532915,27
3,3,-2.7372704,3.5148747,-0.79751825,947
4,4,1.671065,2.1656578,1.4224325,1284
3,3,-3.8926759,2.5400748,-2.0074098,1195
3,3,-5.2922516,2.7218752,-2.4834583,1091
0,0,2.8848245,0.2550718,-0.51663804,179
4,4,1.398568,1.6616973,1.8776609,1425
1,1,0.42399812,-2.707974,-2.3577492,594
2,2,0.3638841,-2.2761943,0.88631296,892
0,0,2.0306175,0.053436324,0.30238146,245
1,1,0.4196589,-1.6147084,-2.0687175,583
1,1,-0.49331793,-2.003553,-1.6437347,415
2,2,0.077092886,-1.6707183,1.1006967,705
0,0,2.9847596,0.26668203,-0.324149,181
3,3,-6.2203364,3.753824,-0.7947026,1189
1,1,1.9030547,-1.4706078,-2.1804056,359
4,4,1.4717644,3.2576272,-0.046315193,1338
2,2,1.2240077,-2.5290024,1.2775983,713
2,2,-0.93229,-2.5009701,0.82603,617
2,2,0.3225408,-1.9746368,1.3876386,670
0,0,2.1790967,0.07177125,-0.25883704,71
0,0,2.3020062,-0.5302529,0.001907669,73
0,0,2.098988,-0.832724,-0.033143114,239
2,2,0.1820535,-1.7240157,1.5392137,807
4,4,1.4136307,2.206436,1.6245449,1400
2,2,0.002522036,-2.530163,1.5099897,791
4,4,1.9608948,3.1015544,1.0476209,1340
2,2,-0.79615057,-2.3757896,1.9000139,833
2,2,-0.23271307,-2.1512432,1.3153416,857
1,1,1.2581294,-2.561686,-1.2459058,467
3,3,-5.9333615,2.5233042,-2.6558876,1128
1,1,-0.49654907,-2.4206526,-0.31605208,365
3,3,-3.556128,2.8626573,-1.0902016,1142
2,2,0.36468902,-1.9535865,1.9530233,875
0,0,1.9597633,0.18078108,-1.6836399,173
2,2,0.048344187,-1.7661188,2.030735,903
4,4,0.63131183,2.3927906,1.4449868,1434
4,4,1.7538215,3.1504846,0.6200921,1336
2,2,-0.118826926,-2.2021227,2.1060197,734
2,2,-0.18178096,-1.8809726,1.6908659,765
0,0,2.6850789,1.0730096,-0.547933,96
4,4,1.2963369,2.5499897,-0.05970718,1497
4,4,0.7072433,2.6784947,1.0546571,1346
4,4,2.4882805,2.4560068,0.48902148,1474
2,2,-0.61473113,-2.462007,0.61354536,885
3,3,-3.4360042,3.8394966,-0.8237192,1121
2,2,-1.4240332,-1.527503,1.0924861,788
3,3,-2.7186131,3.9539044,-2.4256058,1099
0,0,2.2774706,0.2245194,0.7984737,76
1,1,0.5295976,-2.4131138,-1.4816244,502
3,3,-4.95693,3.1237357,-2.4377697,962
4,4,1.3797683,1.5282106,0.6255233,1290
1,1,-0.007991746,-1.7396853,-1.9757376,553
3,3,-4.459002,3.7253547,-0.77780694,1212
0,0,2.496165,-1.0824623,-0.6585193,217
0,0,2.1797404,0.11707738,-0.07512714,53
1,1,0.55502087,-2.6387818,-1.2571675,501
4,4,1.4090014,3.220939,1.041964,1307
4,4,1.0883541,2.6282277,0.7994899,1507
3,3,-5.6784554,2.718873,-1.5383668,960
1,1,0.21362923,-2.3466542,-1.0663869,505
4,4,-0.19526228,1.6980959,0.4247367,1397
2,2,0.6394857,-1.910892,1.5440481,659
3,3,-3.5199575,3.0681608,-1.3073928,1146
0,0,2.425045,0.2170395,-1.1913596,252
1,1,0.4510285,-2.0523062,-1.5738612,383
4,4,0.82462037,2.0092788,-0.15290022,1399
3,3,-3.860119,3.7443311,-1.4783361,1141
0,0,2.3248286,-0.15748225,-0.060937494,207
3,3,-6.0408974,3.571657,-1.376022,1209
4,4,1.4614758,2.6459515,1.2841378,1478
2,2,1.075994,-2.309021,1.829143,622
4,4,1.4251007,2.4686818,0.5761331,1232
2,2,-0.28231537,-2.5427828,2.3117323,636
1,1,-0.3768104,-2.1888928,-1.6095103,516
0,0,2.3439267,0.14954953,0.14276168,189
2,2,-1.1847352,-2.0946772,0.95112276,782
4,4,1.5307705,2.4936163,1.987722,1277
2,2,0.99292326,-2.8058066,2.5318217,650
0,0,2.4738467,-0.63846594,0.6436982,51
2,2,1.513789,-1.8825412,1.8466625,726
2,2,-0.3605772,-2.6417935,1.1281772,784
4,4,1.3695612,2.8119006,1.1473558,1240
4,4,1.2616383,3.4440107,1.0157819,1239
4,4,1.801042,2.1396391,1.2830908,1484
0,0,1.9819759,0.267224,0.24925676,92
0,0,2.7269413,0.99297994,0.9399975,299
0,0,1.4266175,-0.12950577,0.22155802,47
2,2,0.97077286,-1.9132619,1.5925561,721
0,0,1.9876271,-0.06977695,-0.7514776,131
4,4,1.5293988,2.2616417,0.9700466,1413
1,1,0.047217607,-2.2623732,-0.84046793,352
0,0,2.2623825,-0.39737198,-0.6676533,7
3,3,-7.631714,3.3960268,-0.811908,1154
3,3,-5.036819,2.4101985,-2.0390437,986
4,4,0.82259214,2.3252485,1.0213529,1522
4,4,2.196469,1.9142367,0.37021238,1517
1,1,0.43293113,-2.0973442,-1.812661,563
1,1,1.3290157,-2.184234,-0.8675905,318
0,0,1.9929538,1.1777196,1.6641605,264
2,2,0.01045531,-1.5343275,1.1579623,785
1,1,0.5567357,-1.8811952,-1.7439435,413
2,2,-0.50918716,-2.0665126,1.2373071,853
1,1,-0.9148608,-2.3701427,-2.0134656,550
4,4,1.3045115,2.1368926,1.38515,1237
1,1,0.021223843,-1.832853,-2.2785583,527
0,0,2.1957648,-0.039876193,1.7869661,237
1,1,1.9215991,-1.8698115,-0.9518513,329
2,2,-1.241863,-2.1955707,0.5910466,874
1,1,-0.5930804,-2.2732553,-0.9265461,349
2,2,1.0132511,-1.4404399,2.0868075,776
1,1,1.0414733,-2.3478289,-1.9570352,424
1,1,-0.50712156,-2.047506,-1.4907392,556
4,4,0.9439896,2.8453321,1.215032,1386
4,4,2.0376823,2.2327976,1.4989394,1454
0,0,2.1113327,0.04933796,-0.28561693,198
4,4,1.6115117,2.1743972,2.496066,1319
3,3,-4.312567,3.327862,-0.7965066,1119
4,4,1.9893255,1.4972512,1.2758548,1461
0,0,2.0789921,0.44452304,-0.56771773,10
4,4,0.59466445,2.4542637,0.13095573,1466
4,4,1.8966005,2.9408576,1.1823473,1510
3,3,-4.0627747,2.80965,-1.2772186,1097
4,4,1.1960375,2.1496778,1.1687367,1423
3,3,-3.862499,3.8332448,-1.4927727,1067
4,4,2.0503142,2.6182272,1.5136536,1513
3,3,-3.4559302,2.8870726,-1.2004197,1000
0,0,2.7670982,0.8307203,-0.2587852,77
2,2,1.6201899,-2.1141353,1.8025043,673
2,2,0.506264,-2.1409738,1.4301964,777
2,2,-0.54318875,-2.1866655,2.31341,735
0,0,2.5908425,1.0351605,-0.40229523,49
2,2,0.46053743,-2.1309607,1.7612771,653
0,0,2.5264854,-0.6710564,0.5331353,246
0,0,2.3210285,0.021872874,-1.2747419,242
3,3,-3.079142,3.7446713,-1.0232,1053
4,4,1.786717,2.7706177,1.3308904,1273
3,3,-4.0720124,2.4149134,-2.0209074,1059
2,2,0.33239117,-1.9080107,1.2422842,851
1,1,1.0390681,-1.9990481,-2.0033627,500
4,4,1.5167725,2.7347221,1.1853166,1408
0,0,3.0270545,0.6208284,0.02173999,249
0,0,2.7281983,-0.21506801,-1.6747425,50
3,3,-3.6765666,2.6061912,-2.0024407,1057
3,3,-4.2757835,4.019849,-0.78313977,1081
1,1,-0.08093041,-1.8908583,-1.3061306,374
2,2,0.12895665,-2.4041977,1.5283501,812
3,3,-3.6480618,3.4433374,-0.95748115,985
1,1,-0.3626755,-1.8570495,-1.7371826,408
0,0,2.1233008,0.44736162,-0.17287666,160
1,1,0.24015462,-2.1228886,-1.3675522,574
1,1,0.7901703,-2.3910515,-2.675932,416
3,3,-3.3725476,2.0084665,-2.0687356,1160
1,1,-0.6026116,-2.2605872,-0.3435704,309
4,4,2.0834572,1.9253372,1.6651055,1487
3,3,-4.6799836,2.2621987,-2.107623,1124
3,3,-4.542039,1.6933591,-2.3153272,918
0,0,1.9343038,-0.043524742,-0.5094156,155
1,1,-0.53119934,-2.7201884,-0.49483728,438
1,1,-0.2529884,-1.5508928,-2.1304681,591
4,4,0.5825579,2.060068,0.72482955,1248
3,3,-5.2142053,2.5308957,-1.1992362,1192
2,2,-0.06483513,-2.405592,1.3527846,811
2,2,0.14696606,-2.8256414,1.2670124,750
0,0,2.8981886,-0.19831985,0.38669062,159
4,4,1.3334584,2.466308,0.96352935,1443
2,2,1.020513,-2.2894313,1.1671346,829
0,0,1.800977,0.93496436,0.20754272,202
3,3,-4.251516,3.5646584,-1.1974844,978
2,2,0.5198482,-1.6786997,1.5089202,728
1,1,0.7087072,-2.733538,-2.0959685,421
4,4,0.8453329,2.8550334,2.3179255,1383
0,0,2.8288367,0.09608793,0.027504623,65
3,3,-4.5635543,2.4049592,-1.9875572,926
2,2,0.054324836,-2.0574818,1.4253913,844
4,4,1.0745884,2.5422928,1.1944498,1266
1,1,0.3376568,-2.879996,-1.8815743,360
2,2,0.079405166,-2.4490085,1.0119323,813
3,3,-3.6005797,2.9439492,-2.392353,955
4,4,1.698008,2.1133885,1.4534416,1393
3,3,-5.155784,3.6995592,-1.4423461,1106
2,2,-0.28183106,-2.0739229,2.2747445,742
3,3,-6.453986,3.4285874,-1.5102822,1173
2,2,0.8482547,-2.374813,1.2315948,618
3,3,-3.832757,2.1201506,-1.8836976,1127
0,0,2.1437333,-0.2787478,0.22451025,41
1,1,0.8284842,-1.6695797,-2.5211346,532
0,0,1.5468917,-0.6031893,0.46572673,148
4,4,1.5861382,1.887294,0.7002471,1390
0,0,2.2802896,0.11105075,0.38881263,105
3,3,-4.995305,2.950275,-0.4774924,950
3,3,-4.7191477,2.2745543,-1.7237929,1158
2,2,-0.00902079,-1.857153,1.1822132,808
3,3,-5.332287,2.614879,-1.9865742,1092
0,0,2.0207114,1.1494374,0.17069912,154
2,2,-0.37594146,-2.400164,0.8397277,651
0,0,2.2189937,-0.44511205,-0.3614511,172
2,2,0.7570869,-1.8516166,1.8766468,775
2,2,0.17256719,-2.286795,1.4480244,758
1,1,0.22873276,-2.3495412,-1.638951,521
2,2,-0.4096154,-2.1256597,2.2605095,795
4,4,2.5715394,2.9817202,0.7682173,1410
1,1,-0.48177803,-2.8285701,-1.4297574,327
3,3,-4.652566,1.7690525,-1.9174467,1094
0,0,2.7091222,0.9607223,-0.91573995,88
0,0,2.9813015,1.834415,0.35711163,15
4,4,1.1645834,2.4830587,1.6247422,1449
1,1,0.112825036,-2.0097234,-1.5540979,447
2,2,-0.23456505,-2.2039545,1.2383742,896
2,2,-0.81225413,-1.9920655,0.6761134,914
0,0,2.4773765,0.15066788,0.78719115,195
0,0,2.75626,0.51095086,0.5888738,297
2,2,0.15175937,-1.3486528,1.8094798,664
1,1,1.6615047,-3.0956771,-1.0542989,395
0,0,3.0368154,0.42076677,-0.028389603,285
2,2,-0.28773513,-2.2484727,1.8100966,672
4,4,1.0482221,2.1682916,1.0095482,1332
4,4,0.8686599,2.4190497,1.3469025,1371
2,2,0.3934419,-2.304116,1.5501167,677
1,1,-0.10209876,-2.3889143,-1.8500947,457
3,3,-2.9469705,3.6088107,-1.1067208,1048
1,1,-0.08513206,-2.8009257,-1.2730049,606
0,0,2.5192897,0.31964523,-0.60254323,16
1,1,1.111019,-1.700547,-2.0342128,464
2,2,1.2150419,-1.0291693,1.4991572,805
1,1,-0.15142435,-2.1880789,-0.6528586,316
1,1,-0.6178573,-2.4515169,-1.4351281,536
0,0,2.0471642,0.30063817,0.5412795,6
2,2,0.5477231,-1.3998363,0.8392296,898
4,4,2.1469686,2.7380102,1.971084,1345
3,3,-3.262392,2.5384538,-1.7817636,1027
1,1,0.19390482,-2.0956948,-1.4659783,578
0,0,2.7949624,1.3642154,0.1001616,219
4,4,2.2033744,2.8506043,2.0951266,1412
0,0,2.4241679,-0.2640459,0.42927384,141
2,2,0.7608796,-1.8040788,2.495974,911
1,1,1.2274792,-2.5666451,-1.1272434,336
2,2,-0.32064846,-2.626701,2.0611424,656
1,1,-0.00736773,-2.7192507,-2.1775396,460
1,1,1.2704847,-2.9339952,-0.23559952,473
4,4,2.5135715,1.580014,0.8631708,1453
1,1,-0.11432949,-2.889965,-2.5107117,488
3,3,-3.0789669,2.401047,-1.6344403,945
4,4,1.587064,1.7241092,0.40714902,1296
1,1,2.0182264,-3.3073037,-1.8040293,429
0,0,3.0493653,-0.6849988,0.4902511,286
0,0,3.1765728,0.8896729,1.3994067,54
0,0,2.3628917,0.3153932,0.8189919,260
0,0,2.8783314,-0.01441483,1.092175,100
4,4,2.0943775,1.1746944,1.5203102,1424
3,3,-3.8819149,1.8950604,-1.1511416,1136
3,3,-4.323479,2.5033262,-1.4848981,1166
4,4,1.7368441,2.3755872,1.0831352,1382
2,2,0.2650008,-2.4699292,1.8834771,709
1,1,0.77652586,-2.6201766,-2.6720061,523
2,2,-0.25208816,-2.9519305,1.6536955,680
2,2,0.25478518,-3.1786501,1.9915905,694
4,4,2.6735857,1.4967062,1.1822491,1288
0,0,2.2662663,-0.2564124,0.8445119,280
0,0,1.8032811,0.3367058,1.0356456,233
4,4,2.239046,1.5110623,1.3446407,1366
0,0,2.310238,-1.5543026,0.4509995,63
3,3,-4.036021,2.3691733,-1.2572049,1208
3,3,-4.9490385,2.1140075,-1.7362369,1035
3,3,-3.6407053,2.9079735,-0.7006375,1187
4,4,2.116398,1.7647588,1.1799409,1322
4,4,2.0078535,0.5936265,2.0461538,1493
3,3,-3.5936532,3.0742652,-0.74680305,1183
2,2,1.2919743,-2.824018,2.1469176,879
0,0,2.8489437,-1.2320015,0.24714957,108
1,1,1.3812652,-3.282352,-1.6412985,324
2,2,-0.151976,-2.925416,1.6908569,839
0,0,1.9365137,-0.39488178,-1.2522436,284
3,3,-3.6147788,2.621248,-1.8087292,1113
2,2,0.50585026,-2.8986268,0.89178574,894
0,0,2.7795255,0.37201792,-0.14604028,304
1,1,0.089636475,-2.8286486,-1.6510887,548
1,1,0.7644757,-2.8706694,-2.5708916,566
2,2,-0.24135359,-3.0089571,1.4462873,861
3,3,-4.6149154,2.1869497,-0.17364198,1120
3,3,-3.731216,1.7532635,-1.4797362,1210
1,1,-0.23287788,-2.8458483,-1.56256,310
3,3,-4.2960544,2.6601746,-1.7689446,1036
3,3,-2.400549,1.3816451,-2.0410724,991
3,3,-3.0811229,2.638908,-1.6402994,1004
4,4,2.0459175,2.1657324,0.9918381,1243
3,3,-4.1551547,3.0466433,-0.4539388,1083
0,0,2.510593,-0.09308922,-0.5412321,2
3,3,-4.2757735,3.2415004,-1.426101,1046
0,0,2.8406205,-1.0318455,-0.2841339,193
0,0,2.4808896,-0.46604583,0.2787776,143
3,3,-3.3505354,2.5868406,-1.604813,1095
0,0,2.9441898,0.2382698,1.6323051,203
3,3,-2.099739,3.2461967,-0.7029697,983
3,3,-4.2554226,3.233162,-1.6796331,975
4,4,1.8912793,1.5981264,1.1575861,1494
2,2,-0.47270584,-3.002925,1.3894001,856
3,3,-4.655189,2.8536363,-1.4349444,1100
3,3,-4.6354523,1.8127084,-2.3997488,921
3,3,-4.758433,2.8288624,-1.1858716,1215
4,4,1.6784863,1.6212869,1.1971893,1384
4,4,0.31797683,2.4352515,1.7368894,1318
3,3,-4.6906285,1.7155815,-2.2079926,1161
2,2,0.8809314,-2.766752,1.6209828,912
2,2,0.31927645,-2.802733,2.7155836,810
4,4,1.8294824,0.97066253,0.96143585,1291
0,0,2.476899,0.732103,-0.07614741,97
0,0,2.1162436,-0.4145844,0.6912228,110
0,0,2.094541,-0.108762465,0.123907074,226
0,0,1.8060967,0.48179194,-0.9099141,272
3,3,-4.1342463,2.6088426,-0.48296404,1013
0,0,2.6084628,-1.0656226,-0.04318364,176
1,1,0.38417578,-2.7500043,-0.7614087,332
2,2,0.27509573,-3.0009143,2.6668956,623
1,1,0.31842947,-3.4650836,-1.33348,539
3,3,-4.9464884,2.7101326,-1.5351073,1134
0,0,2.9516418,0.26136962,-0.2915529,303
4,4,1.8680933,1.5716981,1.3794854,1350
0,0,2.3840346,0.28168395,1.379075,33
2,2,0.46138173,-2.71305,1.1183478,727
0,0,3.2372327,-0.45923623,-0.76803017,236
3,3,-3.7293353,2.7637763,-1.3645108,1201
2,2,-0.2412946,-2.651512,1.5595591,789
0,0,2.5240166,0.3319419,-0.036481977,295
1,1,0.33950892,-2.9387937,-1.3416486,422
2,2,0.51408035,-2.8828332,1.4940109,820
3,3,-3.593885,2.2482858,-0.32587183,1014
4,4,1.9066229,1.4599254,1.3172522,1320
1,1,0.23308915,-3.527703,-0.7307966,338
3,3,-4.0284176,1.426805,-2.8132763,1125
3,3,-2.8527083,3.0660043,-1.3396965,1207
4,4,1.3462175,2.3870199,1.6337605,1368
3,3,-3.9987288,2.381426,-2.322178,1034
0,0,2.5931008,-0.15333351,0.7392968,133
4,4,0.8723973,1.7374916,1.5901154,1233
2,2,0.03695961,-2.8704598,1.7143538,772
1,1,1.100637,-3.48942,-0.7147118,373
0,0,2.1810715,-0.4594734,0.7655828,5
0,0,2.0426826,-0.1814659,-0.1887039,204
4,4,1.0324292,1.9508002,0.33408493,1498
4,4,1.0115753,2.0713701,1.5912358,1229
4,4,1.368639,1.8109845,1.6548595,1278
0,0,2.7615647,0.16207,0.67640465,48
4,4,2.6524975,2.5550375,1.0368943,1519
2,2,0.2154167,-2.7847483,0.8350706,843
4,4,2.025363,1.1375866,1.9473732,1249
0,0,2.827997,-0.15239465,0.80087984,288
4,4,1.3012316,2.5548036,1.4893291,1471
3,3,-3.0411446,2.4271896,-1.0414375,1110
4,4,3.036593,1.7175962,0.38451028,1481
1,1,0.520475,-3.008931,-1.6067798,602
1,1,0.95931274,-3.1468904,-2.247704,323
2,2,-0.090064496,-2.7097988,1.5972518,729
0,0,2.7703552,0.9528452,0.6787338,190
1,1,0.06184727,-2.7756932,-1.004612,308
3,3,-5.1399946,2.4032953,-1.1917593,1138
4,4,1.384091,1.8806231,1.5920836,1456
4,4,2.3317833,1.7465079,1.5099292,1325
4,4,1.6294844,1.8378069,1.3372524,1369
4,4,1.9321502,2.4075875,1.877008,1262
2,2,-0.7771571,-3.0760128,2.245041,792
2,2,0.69973195,-2.5473824,2.2387772,804
3,3,-4.6648936,2.8267045,-1.0290815,1185
0,0,2.571653,0.4563533,0.32089585,224
4,4,2.7602048,1.9289312,2.0030189,1411
3,3,-1.9769742,2.799907,-1.2939229,1043
3,3,-2.877347,3.196128,-0.9831588,1049
3,3,-5.4974995,3.453318,-1.238065,1170
1,1,1.7910628,-2.6516194,-1.1637385,461
2,2,1.3749529,-2.0829608,2.004095,863
4,4,1.3267218,1.5076543,0.99518645,1257
1,1,0.33159292,-2.0877185,-1.813126,555
4,4,1.1014724,2.4389133,1.0847309,1502
1,1,0.7830148,-3.0906954,-0.6952002,610
0,0,2.428942,-0.934541,-1.4802668,209
1,1,1.1157391,-2.9854727,-1.1432928,372
4,4,2.3718247,1.560023,0.9455251,1495
2,2,0.6645837,-2.5551398,1.3432412,848
3,3,-3.7520561,2.8487673,-1.3502461,1137
1,1,0.17241892,-2.4261394,-0.86795884,350
1,1,1.3968401,-3.0284612,-0.98856777,440
1,1,-0.27330014,-2.5792117,-1.6895092,414
1,1,0.3640443,-2.2518582,-1.2749895,520
1,1,0.6781766,-2.8351884,-1.4831276,389
2,2,0.8944415,-2.839967,1.6726878,897
2,2,-0.08600423,-1.4603927,1.7749761,866
3,3,-5.1987023,3.7158763,-1.2745444,1114
3,3,-4.873826,3.2106404,-1.3095717,1051
3,3,-2.6831093,3.168963,-1.1627191,1006
4,4,1.9092606,2.1909,1.0493271,1418
4,4,1.142785,2.711838,1.7865794,1272
4,4,1.3113992,1.8778926,1.0792508,1447
1,1,-0.24818465,-2.277502,-1.1287534,312
0,0,3.0100608,-0.09827179,-0.6401255,182
0,0,2.8901856,-0.51206005,-0.119556695,275
2,2,-0.3566466,-1.3454798,1.7607212,834
0,0,3.1228535,1.0359832,0.06629264,302
3,3,-4.8881345,3.945078,-1.2694657,1149
2,2,0.68519795,-2.2622523,1.9973232,648
4,4,1.9534923,2.264892,1.4086529,1388
3,3,-3.6499426,3.0457435,-1.3420379,1104
0,0,2.6475043,0.5082994,-0.22504239,45
4,4,2.0162392,3.100438,1.1905259,1406
2,2,0.29108265,-1.9425503,1.5201157,643
1,1,0.9224229,-2.5673518,-1.469346,363
2,2,0.01700037,-2.0327115,1.5899292,806
0,0,2.768775,-0.027849153,0.70633674,57
4,4,0.9176421,2.1500156,1.382566,1308
2,2,-0.45801646,-2.4127522,1.905503,907
2,2,0.35033038,-2.6370325,1.8110783,695
2,2,1.1503339,-2.5340245,1.0041124,756
3,3,-4.587492,2.869308,-1.3285873,1179
4,4,1.4149127,2.3080242,0.70809793,1274
1,1,0.5741288,-2.0099888,-3.179712,494
3,3,-2.8240306,3.2869182,-1.7292613,1133
3,3,-4.587554,2.5663855,-2.1193674,1163
2,2,-0.05838251,-2.5326483,2.4400747,736
3,3,-4.948676,2.4626539,-1.1257665,1204
4,4,1.2340608,1.7163105,1.0333232,1359
0,0,2.027394,-0.70881546,0.16470653,208
2,2,0.23231877,-2.2547576,2.0614047,723
3,3,-5.1530004,2.4911656,-1.4985402,1022
1,1,-0.08255744,-1.8965998,-1.242569,342
3,3,-3.6734984,2.1577103,-2.3052087,1089
4,4,1.6233215,2.2332714,0.7678297,1226
4,4,1.2641923,2.3991098,1.271873,1430
1,1,0.68036276,-2.1345906,-2.5499454,552
1,1,0.94468004,-2.554652,-0.6567381,439
4,4,2.0297334,2.970694,1.4908435,1485
3,3,-4.4007964,2.4479475,-2.1136262,956
0,0,2.45287,0.5381658,-0.808136,223
4,4,1.0789979,2.4808438,0.63332057,1373
2,2,-0.61249423,-3.2899716,1.053952,882
1,1,-0.008952498,-1.9161444,-1.5402285,524
4,4,1.5640389,2.5812328,0.2122457,1441
1,1,0.2585534,-2.9819252,0.2023158,367
4,4,0.9029561,1.7228245,1.7801886,1276
2,2,1.3513635,-2.3057003,2.8035133,842
0,0,2.5485444,-0.56392205,-0.45697403,278
1,1,0.58240765,-1.8570435,-2.4940226,600
1,1,0.41249222,-2.8876197,-1.268344,399
3,3,-1.6464572,3.0199,-1.0880324,1145
1,1,1.4435713,-2.163884,-0.53690785,339
0,0,3.03733,0.41317397,0.29990822,80
2,2,0.8695855,-2.636973,2.650828,900
1,1,0.8892342,-2.9061682,-1.473315,357
0,0,2.1272547,0.4788631,-0.050614223,196
2,2,-0.06481301,-1.8951603,2.4086075,815
3,3,-4.582704,2.7690833,-1.141887,946
1,1,0.1980345,-2.2698934,-1.3875315,452
1,1,1.1250656,-2.2617917,-1.8179506,322
4,4,1.8134452,0.8727956,0.68846,1458
1,1,0.9330954,-1.9359308,-2.310828,450
4,4,0.90615445,1.5839416,1.0090606,1306
4,4,2.1812932,2.3055513,1.4160506,1297
2,2,-0.8633523,-1.7999411,1.0075948,746
0,0,2.8509407,0.07420559,0.95219827,232
4,4,1.4736556,2.130532,0.49092197,1446
2,2,0.28260288,-1.9014937,1.7488745,665
0,0,2.3848403,0.12109281,-0.58424693,81
2,2,0.25572407,-2.8639362,2.3369231,793
4,4,0.4681909,1.4832807,0.035876393,1348
4,4,1.2772952,2.3407059,2.2403195,1380
1,1,0.3503877,-2.5892446,-1.4334205,603
1,1,-1.1419683,-1.7115481,-2.0932736,477
4,4,1.4069536,2.1391358,0.7557837,1528
4,4,1.2654815,3.028378,1.0561064,1234
0,0,2.7640302,0.4608879,1.2467394,305
0,0,3.4921281,-0.18999122,-0.5915761,12
3,3,-4.430942,3.0964367,-0.9768895,1206
4,4,2.0505478,1.3976084,1.565232,1283
4,4,1.0568507,1.9570527,2.3857338,1271
3,3,-4.697433,3.6169403,-1.2469671,1116
2,2,0.27278715,-1.9033818,1.1935322,781
2,2,0.4176244,-2.4218059,1.3656433,691
2,2,-0.5338189,-2.7102125,2.0904026,647
0,0,2.7675307,0.0220474,0.08109906,4
3,3,-5.120673,3.4956632,-1.7050122,1009
4,4,1.2480783,2.8444302,1.0419178,1377
2,2,0.8811316,-2.3429158,2.1187756,743
0,0,2.9105237,-0.19961634,-0.21051864,103
4,4,0.6894881,2.3889227,1.2400236,1333
4,4,0.6119244,1.5144913,0.16361207,1328
1,1,0.43607143,-2.6519713,-1.2538892,306
3,3,-4.7505474,2.9923248,-1.7508897,1039
4,4,0.9540394,2.1045642,1.0344356,1293
3,3,-4.471274,3.2196422,-0.41934407,1118
4,4,0.95391417,1.8212731,1.1180427,1260
0,0,2.4565501,-0.48000425,-0.47321168,93
1,1,0.14183795,-2.2232864,-2.5403233,489
3,3,-3.9772964,3.1447537,-1.7921771,1164
4,4,2.363501,1.4981774,2.0010803,1489
0,0,2.3757038,1.2457557,1.0525527,32
1,1,1.7989473,-2.821256,-0.5032258,543
4,4,0.15899104,2.3387873,-0.5225467,1295
4,4,1.990333,2.512108,-0.009362459,1304
0,0,1.9466057,0.12797284,-1.0244653,44
4,4,0.98562443,2.8411334,1.1615735,1303
0,0,2.4681838,-0.033202816,1.2131953,186
4,4,1.794634,1.9546486,0.53650564,1433
1,1,0.0830777,-2.7055783,-2.0780594,558
3,3,-3.8868203,3.0905607,-0.88390416,948
4,4,1.3181629,1.6498659,0.80977607,1512
0,0,2.7102697,0.30317494,-0.39822638,26
3,3,-3.7536209,2.8407044,-2.351743,1093
0,0,2.268545,-0.13566998,-0.13825157,215
0,0,2.4954538,0.32846236,-0.06625399,281
3,3,-3.2806096,2.4988415,-1.7046072,1107
4,4,1.3377713,3.176949,1.1327615,1269
3,3,-5.129977,3.8641844,-1.3783128,1079
1,1,0.48224136,-2.1729822,-2.7622085,596
1,1,1.2183186,-2.5456233,-1.0931603,509
0,0,1.7706425,0.72295725,-0.5523027,214
2,2,0.76366913,-2.3416197,1.4024255,790
3,3,-5.0377827,2.7844152,-1.21802,1075
3,3,-6.3814206,3.3238158,-1.8250455,1033
1,1,1.2942388,-2.470296,-1.6578269,427
2,2,0.7932067,-2.6268415,1.3711767,621
1,1,-0.18958354,-2.7872238,-1.4932994,465
3,3,-5.503399,2.2387745,-1.8915077,927
4,4,2.0470524,1.3280585,0.9423915,1357
3,3,-4.154492,2.8101752,-1.7604846,938
2,2,0.36820287,-2.2612152,0.6446567,819
0,0,1.7273436,0.257942,0.32787815,28
3,3,-5.8875284,3.2850716,-1.0971123,1045
0,0,2.1188397,-0.5794226,0.9427582,211
1,1,0.9066388,-2.3414207,-1.6103102,463
0,0,2.851671,-0.07900965,0.5880639,64
0,0,2.601572,-0.15374336,-0.6751866,98
1,1,0.18938138,-2.6013534,-0.12624931,401
4,4,1.3705757,3.010413,0.8745406,1469
4,4,1.7384748,2.04459,1.1836246,1450
0,0,3.0747094,-0.109272495,0.96810186,164
2,2,-0.30399072,-2.5626264,0.83764607,858
2,2,-0.14493209,-1.739525,1.9845974,739
0,0,2.610979,-0.40926248,-0.85353017,243
2,2,-1.0711313,-2.702665,1.9410028,786
3,3,-3.7163212,3.5634072,-1.6869507,1112
4,4,2.3545482,2.9908943,1.7542096,1376
1,1,-0.915015,-2.172993,-1.457426,409
0,0,2.666679,-0.04924354,-0.3337214,42
3,3,-5.277141,3.3167725,-1.3197187,944
3,3,-4.1240177,2.312798,-2.3086624,1058
3,3,-0.8707497,3.6675172,-0.3322,1147
4,4,1.5983355,2.5055447,2.2992315,1375
1,1,0.64015347,-2.8356848,-2.118959,348
3,3,-4.2207284,3.7366219,-1.546669,1008
4,4,2.0904644,2.8412101,2.308309,1250
0,0,1.4616027,0.08301818,-0.9610047,282
0,0,2.3755665,-0.6261174,-0.38245127,109
2,2,-0.40427625,-2.4512086,1.1290202,862
1,1,-0.38473755,-1.9543747,-2.854844,557
4,4,1.2716703,2.525589,0.9568368,1414
1,1,1.4456809,-2.9155447,-0.9433644,495
4,4,0.8648293,2.5907884,0.25667417,1395
4,4,0.8202032,2.2880456,1.9332993,1417
1,1,1.0413374,-2.6025934,-1.7972652,390
2,2,0.704358,-2.0532432,2.4408019,626
1,1,1.0235227,-2.7140727,-1.0527974,404
2,2,-0.79210365,-2.3714156,1.0809582,783
1,1,-0.9285575,-2.7669144,-1.2805564,341
2,2,0.16196471,-2.4060242,1.6502739,860
1,1,0.46122313,-2.8818808,-2.2168522,526
4,4,1.5761044,1.3962926,0.5943363,1324
4,4,1.6050402,2.4590163,1.2646201,1251
0,0,2.49831,-0.041091263,-0.89439493,270
4,4,0.6397346,2.1361518,1.399904,1300
0,0,1.9040179,0.6590344,0.19799627,19
1,1,1.5513995,-2.4855917,-1.1598182,541
3,3,-4.5994887,3.277453,-1.1903874,1174
2,2,-0.002122581,-2.4410055,1.6682792,881
0,0,2.3248482,0.58247644,-0.6763605,187
4,4,1.3809417,0.95837694,1.2873646,1323
1,1,0.5182048,-2.7131786,-1.8410721,459
4,4,1.978863,2.4818943,0.80342567,1477
1,1,-0.017772675,-1.915302,-1.8965575,478
1,1,0.86691064,-2.569777,-2.7940946,561
0,0,2.6560693,0.17912945,1.6049504,25
2,2,-0.14846438,-2.403964,1.0874646,864
4,4,1.1985567,2.0191996,-0.42196584,1259
1,1,0.81158876,-3.0027204,-1.0670167,405
0,0,2.520693,0.102681756,0.944287,86
1,1,-0.8429743,-1.8889005,-1.3471335,377
4,4,1.0100707,1.4941554,0.86612046,1289
4,4,1.2464051,1.9442759,0.7593797,1504
2,2,0.49389297,-2.216625,0.8709161,720
4,4,1.937228,0.9023428,0.92673504,1459
1,1,1.0117452,-2.3421278,-1.4951131,351
4,4,0.9859458,1.6364461,2.0767348,1511
3,3,-6.6121716,2.8576984,-1.7787642,935
0,0,2.7067003,0.38095582,-0.41411728,225
4,4,2.2266793,2.2583625,1.2327166,1444
3,3,-2.9464874,3.0566943,-1.366244,967
3,3,-5.704589,3.564316,-1.2559984,982
2,2,0.3854293,-2.3574624,0.78473264,838
2,2,-0.25282764,-2.4142835,1.2270372,716
0,0,2.5433974,0.15694463,1.1041629,61
3,3,-4.464431,3.385726,-1.2458175,1005
3,3,-4.2579346,2.8642223,-1.4711676,1176
4,4,0.7301307,1.0279784,0.44192687,1499
4,4,1.6060138,2.2821887,1.91627,1280
1,1,-0.18448639,-2.144671,-1.5827278,443
2,2,-0.62734354,-2.13671,1.5090606,644
4,4,1.8762264,2.4714057,0.9381266,1416
2,2,0.25043643,-2.9006348,1.5915897,681
2,2,0.30235752,-2.5501847,2.091582,877
4,4,0.40073806,1.7734851,0.47851145,1330
0,0,2.133127,0.06159471,1.0398538,67
2,2,0.049384207,-2.6543257,2.0753117,760
0,0,2.2525322,-0.025988966,0.03293793,106
2,2,0.35006,-1.8309603,2.5849628,666
2,2,-0.17738798,-2.9679575,2.1855495,619
3,3,-5.0567994,3.458019,-1.7628654,1168
1,1,-1.0211055,-2.67387,-1.9000547,584
2,2,-0.5449856,-3.319006,0.94420755,715
4,4,1.2408931,2.6156404,1.3227499,1327
1,1,0.32973456,-2.393327,-1.7658591,542
3,3,-5.6796455,3.0951717,-1.9348253,999
4,4,1.9592664,2.8577764,1.0906899,1238
0,0,2.2619932,0.6587043,-0.35952836,3
2,2,-0.12709083,-2.1501627,2.2924504,692
2,2,0.79443216,-2.3188617,1.5408621,745
0,0,2.6095827,0.28490582,1.7277291,178
1,1,-1.0924385,-2.3023834,-1.4083295,554
3,3,-3.860346,3.4969144,-2.1026812,1096
2,2,0.06719601,-2.2989073,1.6989396,706
3,3,-4.291425,2.8028939,-1.519965,1162
0,0,3.0095654,0.583214,1.3367679,221
3,3,-4.610247,1.9840429,-1.7641102,1054
2,2,-0.43518686,-1.9314338,2.148816,663
3,3,-5.4955473,3.705607,-1.5883366,928
4,4,1.9473165,2.4706798,1.2177167,1440
2,2,-0.109645605,-1.6253732,2.2078712,710
1,1,1.3498774,-2.3079062,-1.7709045,599
2,2,-0.54161906,-1.6010454,1.438609,649
1,1,0.88639134,-2.5263534,-0.50520146,609
3,3,-4.226624,3.716337,-1.0112867,1151
1,1,2.5177443,-2.5846581,-0.25044024,369
2,2,0.009035423,-2.3832715,0.965486,887
1,1,1.176618,-1.769253,-1.5745572,517
2,2,0.44796926,-1.6551416,2.3116736,904
2,2,0.64012635,-2.4636178,2.1961486,731
1,1,-0.15852317,-1.9376534,-1.6470482,588
4,4,1.5854566,2.2438655,1.2564396,1452
0,0,2.733127,0.41441482,-0.052100793,46
0,0,3.2999194,0.48574367,1.339928,213
2,2,0.23222335,-2.43008,2.4287844,766
0,0,2.3267918,0.17454694,0.28343508,38
0,0,2.590361,0.1418724,-0.2356982,69
0,0,2.7575948,1.3408076,0.92389953,194
1,1,0.23503897,-1.4377656,-1.2992344,340
2,2,0.62811136,-2.0455256,1.9578627,799
4,4,1.8079088,2.3076477,1.0223622,1256
4,4,1.8010426,2.094018,1.7510203,1428
0,0,2.6262834,0.14657257,-0.53752613,210
2,2,0.86031306,-2.2693484,1.2985736,780
1,1,1.6301403,-2.302293,-2.0020533,396
4,4,1.9414594,2.4852748,1.2731211,1490
4,4,1.4435098,2.9587533,1.5495676,1464
2,2,0.6025295,-2.0114074,1.7270765,872
1,1,0.14084786,-1.565151,-2.5553167,589
1,1,-0.19294375,-2.4816527,-0.7447206,346
2,2,-0.030487545,-2.3350787,1.2825706,827
3,3,-3.5592544,4.086835,-1.370539,1084
1,1,0.15322417,-2.0050325,-0.92960817,376
1,1,1.0979623,-2.4125435,-2.0460513,426
1,1,-0.42987704,-2.0094342,-1.2382858,314
3,3,-3.9521549,3.5379717,-0.866365,1199
0,0,3.2846022,0.21674716,-0.6439159,235
3,3,-6.033242,3.051541,-1.3120708,1068
4,4,1.8536042,1.9583468,1.0258813,1480
3,3,-4.721857,3.6203523,-1.4691787,1031
2,2,-0.75602835,-2.622226,1.8889415,763
2,2,-0.82819116,-2.838362,1.5750657,714
1,1,-0.52492636,-1.4413542,-1.4479043,411
0,0,2.8540385,0.46583265,0.15811273,9
0,0,3.5218809,0.052675933,-1.0905225,43
2,2,0.73625314,-2.7010922,1.0086281,683
0,0,2.2867684,0.97727436,-0.638071,293
3,3,-3.8334043,2.4539235,-1.7256639,924
3,3,-3.4327226,2.5399435,-2.0663714,1122
1,1,-0.47664285,-2.0791087,-1.1067103,410
1,1,-0.14028457,-1.8153872,-1.6131158,379
0,0,2.712902,0.45966595,-0.7080895,23
4,4,1.2086033,2.7518475,0.45490646,1227
0,0,2.0308945,-0.47570997,-0.21653144,171
0,0,3.1720145,-0.16722943,1.9177681,39
4,4,1.0375042,3.2607563,2.0606933,1339
2,2,0.3987432,-2.0641937,2.495973,660
1,1,0.827301,-2.5378685,-0.9074511,571
1,1,0.49494842,-1.8282572,-2.0992873,529
3,3,-5.326578,2.7756355,-0.6624533,1040
1,1,0.687447,-1.4103459,-1.8505735,382
0,0,2.099572,0.58720577,0.61260855,17
3,3,-3.3085427,3.138557,-0.84738356,1012
1,1,1.172995,-2.2147663,-0.18192714,388
4,4,2.6531343,3.2067134,1.0943282,1483
4,4,1.8486755,2.9169817,1.0389898,1282
4,4,0.759786,2.286693,1.1222218,1468
0,0,2.657595,0.86867356,0.33986402,167
1,1,0.4579649,-2.4819467,-1.982005,498
1,1,0.40026668,-2.4520714,-0.9690772,412
1,1,0.60467756,-2.116621,-2.2704964,353
3,3,-3.5857124,2.1810808,-1.8652904,952
1,1,0.65455365,-1.4649453,-1.4509312,525
3,3,-4.9390135,3.317353,-1.353883,1002
3,3,-4.017128,2.581635,-1.1214168,1105
0,0,3.0386043,-0.006584406,1.1973737,114
4,4,1.3492907,2.7926314,1.201217,1281
1,1,-0.14770716,-1.8109486,-1.591085,344
4,4,2.2099574,3.4648314,1.651531,1403
2,2,0.1975728,-2.1342328,2.6485102,906
2,2,0.5505771,-2.2154827,2.2221904,738
1,1,1.5987984,-2.7202315,-0.14114219,507
4,4,1.0418768,2.2725565,2.3966916,1482
2,2,-0.22321859,-2.4846613,1.8638637,679
0,0,2.3236659,0.4426849,-0.5728245,14
2,2,0.4727593,-1.6662986,1.5789442,880
3,3,-4.2747865,2.784616,-1.9022378,1063
3,3,-4.272628,2.4481502,-0.52615505,941
0,0,2.8561893,0.26594982,0.36401063,227
3,3,-1.5424552,3.0188818,-1.3459834,965
1,1,1.0053952,-2.5021029,-1.2768711,431
1,1,0.7750068,-2.0555115,-2.735268,326
3,3,-4.9529586,1.6760501,-2.074513,953
4,4,2.053581,2.9221396,2.345903,1311
4,4,1.9680653,1.5880188,0.83338726,1391
0,0,3.125345,0.49770415,0.4610147,87
4,4,0.58194274,2.8129582,0.76392245,1360
3,3,-3.740607,2.7665043,-1.4276459,994
4,4,1.0547043,3.2205558,1.9274992,1231
2,2,0.11778778,-2.1406708,2.387449,865
3,3,-5.267318,2.7383966,-1.3932152,925
1,1,0.6395601,-2.1820695,-0.48920196,368
0,0,2.9979982,0.67900974,0.18009934,60
4,4,1.8503091,1.9926698,0.83815074,1524
2,2,-0.08713627,-2.5693765,1.807349,725
4,4,1.1098331,2.1908073,0.8158102,1258
3,3,-1.9886794,3.8113108,-1.1763047,939
3,3,-6.778122,2.3355129,-2.235913,1156
4,4,1.9019197,2.4035866,1.0071318,1358
1,1,0.27842593,-2.7517116,-0.6104224,472
1,1,-0.24972832,-2.9022317,-0.63766026,436
3,3,-2.9369693,4.0767627,-0.76125985,979
1,1,0.022588193,-2.1642513,-1.4333901,384
4,4,2.1260293,2.3432975,1.5085907,1419
2,2,1.2703004,-2.0018458,1.991191,798
1,1,-0.36014128,-1.8578391,-0.98625004,504
3,3,-4.027181,2.110893,-2.1990962,995
1,1,0.5872588,-2.343777,-1.3008327,570
3,3,-3.4966297,3.0537493,-1.776802,1126
2,2,-0.21321183,-2.0995984,1.449166,676
1,1,-0.58328843,-1.3165851,-2.2243948,444
1,1,-0.6085028,-1.9930958,-2.1631598,549
1,1,0.8993314,-1.870394,-1.8847914,392
2,2,-0.076765925,-1.3587954,1.7161429,837
2,2,0.08699806,-1.7293001,2.230061,638
2,2,-0.35929435,-1.8855426,2.2335231,719
1,1,0.48729968,-2.1796064,-1.9547007,313
0,0,2.9457004,0.005359948,-0.23277812,185
4,4,1.4756423,2.8565898,0.76373714,1370
3,3,-5.025769,3.606401,-1.5855356,1143
2,2,-0.4494788,-1.9592662,1.0587323,689
1,1,0.48062414,-2.2726378,-1.3277689,611
0,0,2.7763245,-0.1829651,0.46133643,271
2,2,-0.80785817,-1.3743203,2.5225174,741
4,4,1.5869473,2.0822227,2.006831,1252
1,1,1.1648065,-2.3274014,-1.2363944,337
2,2,1.1601877,-1.8977741,1.1076337,846
1,1,-0.5985185,-1.927443,-1.6913677,446
1,1,0.03386867,-2.594964,-1.0150967,331
2,2,-0.110761635,-2.2785363,1.7242017,850
1,1,0.25621992,-1.9026747,-1.3475578,315
3,3,-2.9959545,3.4593794,-1.77113,998
0,0,2.447957,-2.25E-05,-0.60213614,78
4,4,1.5613381,3.4771557,1.5271819,1367
2,2,-1.230672,-1.923464,-0.475075,889
1,1,-0.7268366,-2.0870888,-1.7545385,595
2,2,-0.18305165,-1.9952594,1.4805288,675
2,2,-0.10150617,-1.1710348,1.8994147,835
1,1,1.0018376,-2.5476687,-1.0761449,508
1,1,-0.3430846,-1.2946398,-1.7473994,585
2,2,0.9744861,-2.1483953,0.68118954,821
0,0,2.4806015,0.14442357,-0.82633746,277
2,2,0.44662088,-1.8427893,2.5869353,699
2,2,0.42159924,-2.0169587,1.101066,822
1,1,-0.6210314,-1.9378705,-0.83199024,343
3,3,-3.9739785,3.2359283,-0.3432922,1016
3,3,-2.9576464,3.8075266,-1.5878019,996
4,4,1.952539,3.4918375,0.2861719,1472
4,4,0.918081,3.589091,1.6385536,1337
4,4,1.4898922,3.0054367,2.2556481,1520
0,0,2.4562082,0.7266333,0.32100898,158
3,3,-4.449161,3.7566013,-1.3753998,1182
4,4,0.24874693,2.9239507,1.4232957,1292
4,4,0.88460356,3.0854466,0.8392141,1361
1,1,0.07714528,-2.2638457,-1.0439696,537
0,0,2.4623451,0.9995134,1.723603,261
4,4,0.66297424,3.5377343,1.1072239,1448
0,0,2.217261,0.51688755,-0.54389465,291
0,0,3.0893269,0.111750126,0.43013024,125
2,2,0.44884932,-1.8038743,0.72041994,830
0,0,2.288025,0.1420024,0.58029735,255
0,0,2.3131933,0.4372174,-0.032032736,35
4,4,0.8003718,1.6342204,-0.001252562,1363
2,2,0.03232518,-1.8633856,1.0823156,840
4,4,1.411968,2.5970793,1.5381153,1314
3,3,-4.699778,4.1103683,-0.91158366,1223
1,1,0.7009102,-1.7851074,-0.86840165,538
3,3,-3.336649,2.8139877,-2.635743,1190
1,1,1.3473699,-1.936029,-1.2239177,325
1,1,-0.48586544,-2.210045,-1.075194,474
1,1,1.1422782,-2.1091833,-1.294832,364
2,2,1.655726,-2.2628472,2.3118167,718
2,2,0.81493384,-1.4922295,1.9787306,627
2,2,0.7329126,-2.1400228,1.0164615,641
3,3,-5.6616516,3.3314319,-1.0116903,951
1,1,1.1155846,-2.5456173,-1.3264799,468
3,3,-5.4701915,3.9963791,-2.0233023,1098
3,3,-4.8278437,3.6411514,-1.6729634,1065
2,2,-0.4007976,-2.0509424,1.2442935,779
0,0,2.8253067,0.4550617,-0.40331092,220
0,0,2.5271673,-0.059482396,-0.052636415,140
4,4,0.8945,2.666577,0.9722656,1364
2,2,0.018586665,-2.3840303,1.6905211,823
1,1,0.60627186,-1.9929527,-2.6870089,560
3,3,-3.5257883,4.252109,-0.971275,1080
3,3,-2.0141284,4.114254,-1.2538469,1115
2,2,1.1617627,-1.9150712,1.2111341,831
3,3,-5.110882,3.1544864,-1.3931997,968
1,1,-0.7086655,-1.0432897,-1.8562651,545
2,2,0.09691602,-1.7092575,1.0400206,773
3,3,-5.0979285,3.9946508,-1.2271894,1111
1,1,0.072760046,-1.630842,-1.5457654,448
2,2,0.6545587,-1.4307537,1.9146373,759
3,3,-5.09514,3.487508,-0.9971114,1010
0,0,2.2768686,0.052078426,-0.38325417,128
0,0,2.0683353,-0.30784696,-0.06466019,139
2,2,0.5948553,-1.3059101,2.0918837,809
1,1,0.2663281,-1.6467981,-2.3399887,518
0,0,2.3577495,-0.438159,0.26796025,123
2,2,0.723821,-1.9750952,1.7631595,737
0,0,2.3648462,0.24717146,0.6885258,135
2,2,0.8883294,-2.4554257,1.711117,917
1,1,0.534997,-2.52519,-2.1286054,522
2,2,1.0203627,-2.2047622,0.5870722,859
1,1,0.89936703,-2.6674685,-1.0949783,333
0,0,2.883466,1.8572075,0.8587069,20
2,2,1.0720012,-1.9173853,2.1944747,814
4,4,2.0946007,2.8379233,1.0964485,1500
0,0,2.3894734,0.3343123,0.67687976,85
4,4,2.203047,2.7368171,1.411922,1379
1,1,1.1015874,-1.9666328,-2.1574278,358
0,0,2.9865937,1.2129711,-0.32354245,266
2,2,0.83584285,-2.279123,1.3671026,724
3,3,-5.331125,3.6925304,-0.28672937,1015
2,2,0.40112358,-2.235193,1.901854,753
0,0,3.097135,0.002435207,0.53512335,55
2,2,-0.3385522,-1.9365498,2.0580013,755
0,0,2.0212111,-0.16915828,0.6173766,101
0,0,2.6122932,1.1435443,0.11256108,200
1,1,-0.005037606,-1.9811952,-1.770393,455
0,0,3.2676702,1.0860459,0.5924484,144
1,1,0.61953706,-1.509941,-1.6052423,582
3,3,-3.203822,3.3088198,-0.6819633,984
0,0,2.4267144,0.23950821,0.92457396,153
3,3,-4.9269147,3.3762636,-1.1092017,1172
2,2,1.529092,-2.4143066,1.549538,652
3,3,-4.190287,2.3890877,-2.0499656,922
2,2,-0.5197803,-2.0236092,1.9073772,761
4,4,1.7981515,2.6757877,1.8053288,1353
1,1,1.4732215,-1.6309503,-1.2019622,458
1,1,1.4137905,-1.7579474,-1.1528761,366
1,1,1.5827439,-2.4524703,-1.0648532,330
4,4,0.84471154,3.1276226,0.4350928,1335
0,0,2.443805,0.9059187,-0.15784311,66
3,3,-5.363449,3.605751,-1.0917042,1211
0,0,2.937129,1.2152114,1.3653793,130
0,0,2.1566315,0.23599035,0.1470962,163
0,0,2.525913,-0.26448244,0.6534857,216
4,4,1.6418676,2.510518,0.7087023,1437
3,3,-4.9301662,2.5917523,-1.4797553,930
3,3,-4.421493,3.6116037,-1.3772063,1073
0,0,2.6301982,0.39747438,1.6338499,234
1,1,0.13273454,-2.9047596,-0.95814586,361
2,2,0.63871026,-2.0403855,1.7039362,744
1,1,-1.017736,-1.898591,-1.607731,378
2,2,-0.39406174,-2.0411634,1.1891272,778
0,0,2.4946668,-0.44221035,-0.4805045,212
4,4,1.8369216,2.3753538,1.6537995,1317
4,4,0.7457062,2.2111118,0.83272,1362
0,0,1.7980461,-0.4304648,0.61520284,79
0,0,3.048872,0.9003054,0.2574536,31
2,2,-0.55255246,-1.91113,1.4824488,704
0,0,1.9829142,-0.024281885,-0.43673152,177
3,3,-4.501772,3.6763558,-1.2324862,1082
0,0,2.2980459,0.22152954,0.19449772,18
0,0,1.9548317,-0.4397577,-0.45557702,112
0,0,2.2165952,0.26753688,0.60335475,254
3,3,-6.7292843,3.1042242,-1.5962857,937
3,3,-5.706335,3.0759442,-0.9653616,942
1,1,0.2406568,-2.668341,-1.8815291,499
4,4,2.4195917,2.3034651,0.7773274,1457
4,4,1.4257786,2.2854097,1.0834725,1436
0,0,3.0489848,0.82652044,0.4217311,132
4,4,1.07818,2.749859,0.43517208,1228
1,1,0.11567682,-2.1172752,-2.1533625,425
0,0,2.4304128,-0.13254479,0.65221953,34
3,3,-3.840273,3.0222523,-0.7385142,1017
1,1,-0.84605074,-2.055749,-1.8450049,483
1,1,-0.5116933,-2.0567799,-1.632935,347
0,0,2.2572792,-0.074591294,-0.3740167,75
3,3,-5.613201,2.6102142,-1.5800523,936
0,0,2.517737,-0.79323214,-0.9144105,206
2,2,1.374172,-2.5037322,2.29863,634
4,4,0.8162417,2.996501,1.9889624,1275
2,2,-0.7049545,-1.8830001,2.1111403,701
3,3,-5.5204477,3.6085904,-1.0667558,1222
2,2,0.37314805,-2.1961403,0.9493822,854
2,2,-0.19441123,-2.008207,2.4796066,642
2,2,0.12808606,-2.07973,1.6613756,803
1,1,0.002564579,-2.2269328,-0.76890683,469
0,0,1.6369668,-0.24341106,0.20793737,238
4,4,1.6590906,1.6961536,1.7856252,1526
4,4,2.0344796,3.2206318,0.47654068,1236
2,2,0.5116428,-1.8065162,0.7442596,639
2,2,0.18308233,-2.1301687,0.8378856,797
0,0,2.6646287,0.86742425,1.4701085,268
0,0,2.120562,0.5424916,-0.4990344,147
0,0,2.2692437,-0.31901807,0.55890185,248
2,2,1.2145844,-1.9179567,1.4692447,832
1,1,1.2653376,-2.516357,-1.5202749,393
0,0,2.0397966,-0.5403693,-0.98076993,11
3,3,-6.469372,3.472189,-1.1249543,973
2,2,0.3760361,-2.2049193,2.007119,771
1,1,0.00048849,-2.3772936,-2.009557,456
0,0,2.3902087,0.255163,0.049717635,30
2,2,-0.51265734,-2.7485874,1.3859743,646
1,1,-0.13375476,-2.642786,-1.2536412,576
2,2,0.063937545,-1.955975,1.5075631,740
4,4,1.3991638,2.8374186,0.85100645,1302
0,0,2.0596352,-0.1724794,0.001396239,205
1,1,-0.30002284,-2.7551248,-1.5471921,432
0,0,2.4055345,0.31916723,0.6707805,122
1,1,-0.043706954,-2.191104,-1.9056717,420
1,1,1.0591125,-2.2790878,-2.2920535,530
4,4,2.1895134,1.3753471,1.6813617,1492
1,1,0.5782343,-2.2646897,-1.0450555,403
1,1,-0.24304998,-2.8265772,-2.0003116,559
2,2,-0.29030585,-2.019598,1.7168639,876
0,0,2.3651597,0.4791109,0.018843174,22
1,1,0.29479605,-2.9170744,-0.5721773,437
4,4,1.2252538,2.8148482,0.63663924,1298
3,3,-3.1743934,3.3659647,-1.1026204,1180
4,4,0.6432673,2.6692424,0.41585433,1462
3,3,-4.01667,2.8007808,-1.7920686,1061
3,3,-4.245961,3.5494199,-1.3389983,1213
4,4,1.2146591,2.682891,1.5709394,1309
3,3,-4.1705394,2.1789608,-2.722689,1123
0,0,2.1085255,-1.1682327,0.032019287,1
0,0,2.1934013,1.1647873,-0.522759,301
2,2,0.1879071,-2.3282654,1.6365632,708
0,0,2.1161485,0.6567116,1.0629116,89
2,2,-0.15543249,-2.786969,0.71881616,886
2,2,0.32080284,-2.6842117,1.933258,730
1,1,-1.0021712,-2.664555,-1.8031352,572
2,2,-0.19438656,-1.7426164,1.9972007,901
2,2,0.08020843,-1.5872589,1.7981825,697
0,0,2.5372992,0.87169194,-1.7575854,258
3,3,-4.5735235,3.444627,-0.092796326,1078
3,3,-4.18628,3.9071758,-1.5957745,1117
4,4,1.3667557,2.0596807,1.9861697,1286
1,1,1.4307377,-2.4939024,-2.1971433,428
4,4,1.5429537,2.3865514,1.0158703,1514
0,0,2.69715,0.3598157,-0.75979555,175
3,3,-4.1284065,3.2170234,-1.1794024,1087
4,4,1.9299606,1.9949101,1.3479886,1254
4,4,1.3401842,2.5675213,0.90500766,1396
4,4,0.2553172,2.6341817,1.064663,1224
1,1,0.31871033,-2.1357167,-2.370492,430
1,1,0.9757453,-2.3678477,-1.6507761,531
4,4,1.4207431,2.353521,0.8674347,1389
2,2,1.3212718,-1.9655106,1.4456793,770
0,0,2.0094876,-0.01872573,0.20786214,150
2,2,0.8411703,-1.5970106,1.199472,751
3,3,-5.2082725,3.827963,-1.4654657,1047
3,3,-4.1831036,3.1211984,-1.244003,949
3,3,-4.9866605,3.3376114,-1.3485141,1205
3,3,-6.1487246,3.1766348,-1.7572886,1070
3,3,-3.7321784,2.7016294,-1.4034061,1090
4,4,2.3546822,2.4231849,0.9462215,1488
4,4,1.4125345,2.3111546,0.37415025,1505
1,1,0.4612575,-2.6101654,-1.6682874,355
2,2,-0.41638145,-2.2204368,2.3135283,674
2,2,-0.04631117,-2.023493,2.698379,633
1,1,1.0335805,-2.8501163,-2.4606898,493
2,2,0.0669008,-2.7425487,0.91516656,818
0,0,1.7516712,0.5496414,-0.38332468,170
1,1,0.043895543,-2.6461184,-1.3498912,371
0,0,1.5563798,0.46836913,1.4400985,149
3,3,-6.5944967,2.262083,-1.8164492,920
4,4,0.9546704,1.6249173,2.038821,1385
2,2,-0.60195416,-2.36095,2.007016,824
0,0,2.241404,-0.681416,0.22591178,142
4,4,1.9065385,2.898979,0.7953089,1404
0,0,3.4226704,1.1980352,-0.16194192,201
3,3,-4.407617,3.1672301,-1.1714805,933
1,1,-0.32419106,-1.8471702,-0.9173381,479
0,0,2.9007363,0.7213636,-0.37853208,251
0,0,3.1077077,0.056860656,0.40375954,152
4,4,2.1487508,2.4128966,1.5656536,1402
1,1,0.38239104,-2.3697994,-0.50200397,575
1,1,0.111058086,-2.1639037,-1.3567238,511
1,1,1.541151,-3.2052267,-0.48817047,441
2,2,1.2960179,-2.8395033,2.3506818,628
2,2,0.7432957,-2.197075,1.495173,916
1,1,1.7447608,-2.264869,-2.112145,598
3,3,-5.5585294,2.8014104,-1.0926424,1177
0,0,2.5780005,1.3002512,-1.2408354,188
3,3,-4.7413206,2.313158,-1.6988909,1130
2,2,0.7130712,-2.2425964,1.5811403,658
0,0,2.526865,-0.30102026,0.11414854,72
4,4,2.087664,1.9742601,1.8014429,1352
0,0,2.5908282,0.0214829,-0.24396265,74
3,3,-2.6179492,2.8351474,-0.82694674,1032
4,4,1.8883586,2.7472427,1.8206499,1268
3,3,-2.6030397,3.2278488,-0.77019894,964
3,3,-5.632766,2.8774114,-1.1708846,1140
1,1,1.6344615,-1.7295682,-1.9933954,528
1,1,0.11851856,-2.3492224,-1.706387,311
4,4,2.8219285,1.9241402,2.3567076,1516
2,2,0.4725846,-2.4466236,2.3056855,732
4,4,1.931723,2.2790508,1.6087098,1405
1,1,0.9032181,-2.1480727,-0.8968027,319
4,4,1.8823436,2.2614276,1.2368762,1344
4,4,1.4103656,2.4753108,0.63877976,1463
4,4,1.8145926,2.7591054,2.2642274,1343
3,3,-3.5649917,3.3105898,0.05949518,981
1,1,0.28708065,-2.018063,-0.52033037,503
0,0,2.5187078,1.0417875,1.3628355,56
3,3,-4.8694863,3.2380023,-0.55095404,1041
2,2,-0.12885416,-2.0962038,2.3163018,754
4,4,2.2803898,2.8105319,1.4006687,1509
3,3,-3.5408597,2.4093146,-1.662019,934
1,1,1.006462,-2.1462586,-1.368492,601
0,0,2.836807,0.85285985,0.022570565,290
1,1,-0.004136831,-2.5985692,-0.56325305,418
3,3,-5.0399284,2.3356266,-1.9798448,1165
3,3,-5.4570656,3.2559078,-0.67371255,977
2,2,0.43869275,-1.796251,2.1741748,635
4,4,2.9192538,2.244938,2.0590563,1486
2,2,0.23943943,-2.5901654,2.3958988,696
4,4,2.1463346,2.1161804,2.4547133,1287
3,3,-5.6723948,3.937606,-2.155597,1066
3,3,-4.3546453,2.5404143,-2.231225,1131
3,3,-5.35448,2.0658784,-1.3993039,1028
3,3,-4.4125514,2.5591002,-1.6075171,1026
0,0,3.4904654,0.3747618,1.2181216,156
1,1,0.40553972,-2.425693,-1.6055896,423
4,4,1.6002994,2.2777429,1.4646646,1455
3,3,-4.052587,2.9026396,-0.90365547,1171
1,1,-0.53747416,-2.0257287,-1.8496623,514
4,4,1.2811404,2.090168,1.2872294,1501
3,3,-4.0343194,2.361809,-2.0617256,954
2,2,-0.24553123,-2.9146364,1.8266346,752
3,3,-5.246223,3.322959,-0.6394735,1181
1,1,1.7793901,-1.8229477,-1.8019286,462
0,0,3.1256378,0.10162088,0.6438641,191
1,1,0.42971373,-3.1484044,-0.41272485,470
3,3,-3.474622,2.5026255,-0.723244,1203
4,4,1.6517286,2.6249733,2.1332912,1334
4,4,1.127465,2.6620383,1.1983135,1341
1,1,-0.105452,-2.0536559,-1.5307815,486
3,3,-4.328389,3.5335722,-1.4654177,1064
3,3,-3.953258,2.196009,-1.6624444,1060
4,4,1.9135284,2.6247377,1.7455816,1451
2,2,0.49547556,-2.2470574,1.3951845,826
2,2,-0.69659054,-3.3792331,1.5471306,825
1,1,1.1381369,-2.9810026,-0.951463,568
2,2,1.488209,-2.3972998,1.5169196,913
1,1,1.1661072,-2.179198,-1.2820553,534
1,1,-0.030641288,-1.480566,-1.9316263,480
2,2,0.49034664,-2.5511208,1.8944068,873
0,0,3.200059,-0.60577273,0.28521115,136
1,1,0.9306165,-2.6057951,-0.7142358,540
1,1,0.24818432,-2.8697782,-1.0396405,535
3,3,-1.9859799,1.7135779,-1.8627489,919
0,0,2.447561,0.48117304,0.41581732,37
1,1,0.74431705,-2.92526,-1.9760797,492
1,1,1.3804629,-2.412265,-2.3412485,391
4,4,2.2198677,2.4614358,1.2047682,1279
0,0,2.3745077,0.18906425,0.5350577,121
0,0,2.9360962,-0.07819216,0.6785227,111
1,1,1.1948647,-2.6532323,-1.2883317,490
0,0,2.9572206,0.8461375,0.79386973,129
2,2,0.3247877,-1.7532353,2.6820326,698
0,0,2.5650306,0.21475875,-1.5538486,241
1,1,1.0665183,-2.733364,-2.096234,362
3,3,-5.422388,2.9027884,-1.4846835,1108
2,2,0.14318877,-2.286055,1.5855417,632
1,1,0.16502756,-2.6671965,-1.5453334,481
2,2,1.0867202,-2.125246,1.7538269,902
4,4,1.1515763,2.0317893,1.0052325,1342
4,4,2.1575089,2.1024234,0.76342684,1378
2,2,-0.17610146,-2.0499294,2.0457017,796
2,2,-0.007567987,-1.8102727,0.9957928,841
3,3,-3.4213395,2.0801837,-2.0764704,1191
1,1,0.90016544,-2.9676843,-1.5827367,569
4,4,1.933783,2.5122926,1.0075591,1305
1,1,-0.19177905,-2.7657342,-0.3284452,375
2,2,1.2609134,-2.7320058,0.9036963,888
0,0,2.8993113,-0.15437531,0.30783412,279
2,2,-0.45963913,-2.6117785,0.7913635,722
0,0,2.7778997,0.16268203,0.09241462,218
3,3,-3.4158258,2.95877,-0.667812,931
0,0,3.0572205,0.1325711,-0.2311566,118
1,1,0.5546075,-2.9213996,-1.6026287,387
3,3,-3.4627645,2.2897015,-0.5795891,1214
2,2,0.29287097,-2.4956229,2.05492,685
0,0,2.730839,0.09488377,-0.40757877,36
1,1,1.87884,-2.2486846,-1.8398985,496
0,0,3.0052147,-0.38791943,0.5333792,113
2,2,0.21955328,-2.1612744,2.0874004,700
1,1,-0.9708416,-2.304475,-1.8370941,544
4,4,1.7665403,2.4282978,2.3946884,1479
3,3,-4.4498706,2.6318593,-1.0212489,970
1,1,1.1300068,-2.7679358,-2.2358525,564
3,3,-1.8867116,2.9312463,-0.22331452,1221
4,4,2.185141,1.7444773,0.40916264,1316
3,3,-3.9206662,2.1035721,-1.4300516,958
4,4,1.7136412,2.7466764,1.7901764,1518
3,3,-5.0867558,3.135356,-0.9458165,1197
4,4,1.5398846,2.203297,1.8658912,1241
2,2,0.031336356,-2.2517464,1.5196846,891
3,3,-5.1426697,1.4442165,-2.704342,1025
4,4,2.1652439,1.4381037,1.2573978,1427
2,2,1.0301914,-2.69427,1.399806,687
1,1,0.5130085,-2.596333,-1.4141171,434
3,3,-3.1667144,2.650946,-1.2923968,1044
1,1,1.4822061,-2.8665776,-1.4085685,321
0,0,2.774212,-0.46742982,-1.5590925,250
4,4,2.1105354,1.4888599,0.94643724,1529
0,0,2.0997236,0.5103772,0.6201223,95
4,4,1.8140107,1.9891901,2.2861762,1523
4,4,2.0865803,2.4424696,0.15136951,1467
0,0,2.4453905,0.003006915,0.5850296,229
4,4,2.094904,2.4080486,1.4874766,1435
3,3,-3.037437,1.9980466,-0.90349686,1102
0,0,2.2466607,0.30177677,-0.16903707,104
2,2,0.6154393,-2.2574685,1.9246722,717
0,0,2.5659525,0.636073,0.7382555,269
3,3,-4.9173837,2.912778,-0.62965506,1077
0,0,3.1016922,0.21681327,0.5864523,222
3,3,-4.6607656,2.5346744,-0.3089234,1018
1,1,0.45224974,-2.0173004,-2.3013043,451
2,2,-0.73102486,-3.1846302,2.0909364,749
0,0,3.133275,-0.29709232,-0.98112625,283
0,0,2.9349885,0.8141917,2.2089374,228
1,1,0.32819828,-2.1149437,-1.289471,586
4,4,1.931657,1.4058464,2.1219654,1525
0,0,2.2535818,1.1508883,1.0331254,166
1,1,1.4752755,-2.496224,-2.9462528,453
2,2,0.06475739,-2.8294861,2.2907507,640
0,0,2.5549085,0.096622184,-0.508874,117
0,0,2.4315107,0.41198438,-0.3325131,145
0,0,2.4186528,0.41624004,-0.8619959,120
1,1,-0.062090352,-2.8712833,-1.6715914,485
2,2,0.61550003,-2.4998634,1.1842291,768
2,2,0.16648193,-2.4091082,2.3646574,828
1,1,1.4475976,-2.8927345,-1.4028659,370
3,3,-3.1078637,2.0011902,-1.3556583,1055
3,3,-5.089164,1.8717328,-1.5829151,923
0,0,2.332273,0.32940802,0.062603,169
3,3,-3.8807335,2.5075955,-1.4179597,932
4,4,1.8762351,2.5706515,2.4657884,1265
3,3,-5.108483,2.112637,-1.6475426,1071
3,3,-4.1643105,2.739779,-1.7049184,1072
4,4,1.4746995,1.9633337,1.8155433,1331
1,1,-0.035615563,-2.3802488,-1.4229138,519
3,3,-2.2730434,1.5700066,-2.1791277,990
0,0,1.7228687,0.519224,-0.023741275,119
1,1,0.872625,-2.877736,-1.5925585,466
2,2,0.9483955,-2.6388626,1.2109156,769
3,3,-4.4639487,3.0825062,-1.0640283,1101
4,4,1.7952585,1.4992934,0.9448962,1365
0,0,2.4031541,-0.29676223,1.108676,107
0,0,3.1431167,-0.43956113,0.8779859,127
4,4,1.34095,2.8042767,1.0070685,1438
1,1,0.024832204,-2.362851,-2.6112332,587
3,3,-2.235084,3.299896,-0.8587668,1175
2,2,0.90392077,-2.6343033,1.937228,654
0,0,2.3958378,0.15121934,0.9114337,184
2,2,-0.52868235,-3.0232315,1.8840088,657
3,3,-3.3972485,3.4442763,-0.5535735,1076
3,3,-3.4504418,2.366116,-1.0604424,976
0,0,2.3048368,-0.1446108,0.2259138,52
2,2,0.17204797,-2.5635834,1.6118217,855
4,4,1.8408012,2.9324145,1.4213027,1247
1,1,1.7849559,-3.1685588,-1.3497288,475
1,1,0.62415946,-3.1400485,-0.9702412,334
3,3,-5.0628123,3.0413501,-1.4808633,943
1,1,0.7518945,-1.942025,-2.1425724,317
4,4,2.3412986,2.934725,1.3589326,1315
3,3,-4.4796534,2.862584,-1.0456252,1103
0,0,2.3778927,1.1109535,0.23000553,59
4,4,1.925786,1.9316814,0.541617,1426
3,3,-3.2455719,3.580727,-0.2338084,1184
2,2,0.84794265,-2.7508006,2.2203245,899
1,1,1.5368365,-2.7916012,-0.8610755,397
3,3,-3.822258,2.6778789,-1.8306737,1062
2,2,0.23274627,-2.3982096,2.6677866,693
3,3,-3.3481824,2.074463,-1.183688,1001
0,0,2.6791189,0.36438504,1.0958364,253
3,3,-4.6253495,2.9651856,-0.48961145,1218
0,0,2.611188,0.54786617,-0.7051743,174
0,0,1.9545307,-0.23864889,0.39253712,199
4,4,0.55765325,1.870439,0.86833394,1465
3,3,-3.5636249,3.1136315,-1.3002132,963
0,0,2.9776561,0.26930115,1.0835608,259
0,0,2.5050611,0.124096155,0.5584859,247
2,2,1.9739596,-2.8729653,2.6556525,764
0,0,2.3061047,-0.24559456,0.040192157,289
0,0,2.7807784,-0.4708113,-0.023420408,91
0,0,2.5399964,0.592311,1.3926356,68
4,4,0.5108716,1.4093405,0.31880042,1431
2,2,0.31818157,-2.251324,1.8074543,661
3,3,-4.2838798,2.400334,-2.2618384,1023
2,2,-0.5121461,-2.2458088,1.3536209,762
2,2,-0.6783532,-2.8155708,2.7545145,794
0,0,2.2477126,0.01299423,1.2139506,296
3,3,-4.140094,3.5187976,-1.1160352,1178
2,2,0.8455688,-2.0286007,1.6761172,629
2,2,1.3358824,-2.7037423,0.5606514,890
4,4,1.8401756,2.4844754,0.6701054,1394
0,0,2.801898,-0.48409742,0.1369805,0
4,4,0.8068981,2.5963883,0.27258283,1267
2,2,0.10384043,-2.4434025,1.279019,909
2,2,0.9686355,-2.4969974,1.4586526,690
1,1,0.87170655,-2.5170116,-0.47153917,335
3,3,-4.342254,1.544261,-1.6165757,992
4,4,1.1641603,2.8675196,1.8546182,1245
3,3,-5.273253,2.6462169,-0.83007795,929
3,3,-3.7880244,3.0575502,-0.9882262,1007
2,2,0.17384061,-3.2508445,0.8459347,816
1,1,0.36178094,-2.8562129,-1.2790482,380
4,4,2.5209553,1.1163146,0.90908957,1255
4,4,1.5099089,2.3516703,0.83677346,1235
3,3,-2.1732583,2.7648656,-2.1011868,1169
3,3,-4.270337,2.795507,-0.80124366,971
1,1,1.9223316,-2.949666,-0.38507134,407
1,1,-0.17524143,-2.3954825,-1.0627064,581
3,3,-3.7555146,2.3760722,-2.3821385,1159
1,1,1.2340004,-2.7114484,-0.960371,577
4,4,2.6704278,2.347945,1.0959717,1439
3,3,-2.7914872,2.864394,-0.7567752,1202
3,3,-3.3381164,2.6470587,-1.6328989,1200
1,1,-0.54784375,-2.4909296,-1.0910921,442
1,1,1.0330871,-2.4342437,-2.900676,593
2,2,1.59263,-2.4878445,1.8371205,667
4,4,1.5336854,1.8010294,1.2926927,1429
2,2,0.33617193,-2.015328,2.7016041,910
1,1,0.73931843,-2.7884827,-1.4689652,565
3,3,-3.795721,2.8957555,-2.4274461,1024
2,2,0.5922068,-2.6195767,1.9119201,878
2,2,1.0985852,-2.4905782,2.4878712,707
1,1,0.31085482,-2.4633017,-1.5074563,454
4,4,1.534188,1.9210477,1.3214412,1347
4,4,0.7902589,1.8372374,1.2410622,1432
0,0,2.2527988,0.2692326,-0.6172446,137
1,1,1.2226455,-2.4820077,-1.7859025,491
0,0,2.6697733,-0.52840114,-2.2344575,274
4,4,2.3406441,2.2824845,1.0988821,1415
4,4,1.6730096,1.2239615,0.17165262,1527
1,1,1.1237402,-3.515656,-1.0574169,497
3,3,-5.6984677,2.939751,-0.9319761,1109
4,4,1.8266557,1.8203045,1.371585,1354
2,2,0.24806657,-2.461982,1.7191156,682
3,3,-4.6897273,2.1674573,-1.8003852,987
0,0,2.3569937,-0.20432487,1.0507122,192
1,1,-0.8052503,-2.035361,-1.6132524,513
0,0,2.732997,0.6967347,1.2057593,24
0,0,2.3243442,0.6355941,1.8085243,256
0,0,2.4629245,-0.45350134,-0.21537523,40
2,2,0.21671164,-2.7596855,1.2132648,895
1,1,1.0372351,-2.761824,-1.9136618,328
0,0,1.9838792,0.43818438,0.9970473,262
1,1,0.07362178,-2.73729,-0.9375916,402
3,3,-3.2902308,3.072695,-0.8964719,1150
4,4,1.232836,1.9011893,1.1234457,1422
1,1,0.7711427,-2.7928069,-1.2649417,433
4,4,0.41645288,2.478639,1.018955,1270
4,4,1.2174051,1.2631905,1.5015997,1491
2,2,-0.014344171,-1.7695577,2.1357648,630
3,3,-6.429927,3.155495,-1.1237478,1038
4,4,1.0952427,2.0066147,0.40686065,1496
0,0,1.6272291,0.002375096,1.6098965,265
1,1,0.389408,-2.4865549,-1.6043468,590
1,1,0.18830097,-2.4174113,-2.0190258,510
0,0,2.3048832,0.2897172,-1.0918522,180
2,2,0.8104475,-2.725873,2.783703,662
4,4,2.1901646,2.5619488,0.29234838,1313
3,3,-3.204302,2.6543868,-1.0193987,1198
3,3,-5.6734643,3.0906012,-1.7116693,1167
0,0,2.0166745,0.14765027,0.41672146,102
3,3,-2.9232104,2.8254917,-0.8767768,1217
2,2,0.4533052,-1.6922858,1.7350391,801
0,0,2.5293856,0.16606867,0.7215435,99
4,4,1.5981499,2.2660642,1.8024125,1355
1,1,-0.12864098,-2.1258993,-1.7337718,449
3,3,-3.8422086,3.603435,-0.66672766,1188
2,2,0.10262474,-2.4635196,3.2630005,631
0,0,2.5763843,0.74927324,0.4142158,183
2,2,0.32588828,-2.2414355,1.2424248,686
2,2,0.6618197,-3.0815408,1.7016399,624
4,4,2.5070415,2.294691,2.021243,1407
0,0,2.6571903,0.3966695,1.4025675,287
0,0,2.3242967,-0.16221502,-0.44174552,294
3,3,-4.406655,2.1276278,-2.099316,1157
0,0,2.3659163,0.24913469,-0.13712697,124
2,2,-0.7033706,-2.843362,1.9227109,615
4,4,2.223313,1.4830768,0.47323284,1261
2,2,0.2379894,-2.1035168,1.8219379,802
3,3,-4.9525657,1.9908077,-1.9789796,988
1,1,0.51794744,-3.27812,-1.4570308,506
4,4,1.6311796,1.8059895,1.5954208,1470
4,4,2.1006851,1.7754474,1.95875,1242
4,4,2.0386322,2.1920793,1.7734101,1475
2,2,-0.7191272,-2.7191584,1.492217,671
3,3,-3.377036,2.7046065,-1.8666759,966
1,1,0.17845264,-1.961374,-2.3537865,484
3,3,-3.8622386,2.107214,-2.2659028,1020
2,2,-0.57898664,-2.35684,1.4045864,625
4,4,1.5111121,1.7206335,1.2296499,1263
0,0,2.40516,0.6102969,0.55619985,263
1,1,0.6198118,-2.5240133,-1.3343309,356
0,0,2.955844,0.03453201,0.59906185,83
3,3,-5.3333917,3.3652546,-1.0112281,1144
0,0,2.3494394,-0.039852858,-0.764372,157
3,3,-4.7054667,2.4151168,-1.5668356,1196
3,3,-3.4319346,2.9401305,-1.5680902,997
1,1,-0.16239452,-3.3826604,-1.1743362,398
1,1,0.8414995,-2.9696581,-1.6672843,385
3,3,-5.241356,2.7865117,-1.3653742,940
0,0,2.3992734,-0.4695561,0.8208749,8
4,4,1.8200271,2.656649,0.70657724,1473
2,2,0.18754472,-2.400091,1.7777369,688
0,0,2.153713,-0.6365993,-1.0515347,70
0,0,2.8828487,-0.008200586,0.10505274,134
2,2,0.3016862,-2.717004,1.2260076,884
2,2,0.42665493,-2.0291293,2.1769197,871
1,1,0.43443447,-2.8774483,0.08000803,471
4,4,1.676229,2.0527604,-0.04918334,1508
1,1,-0.72776216,-2.0691135,-1.6513997,547
2,2,0.6711308,-2.2149925,1.284997,883
1,1,0.27197346,-2.7479606,-2.3978167,592
2,2,0.08880597,-2.7746506,2.1345947,748
3,3,-3.9268289,2.227947,-1.8484055,1088
3,3,-5.277334,2.6054518,-0.40962183,1074
4,4,1.8336114,1.8470092,1.9747015,1521
2,2,0.7234879,-1.867948,2.1897993,614
2,2,0.12810573,-3.1163507,0.985117,817
3,3,-2.752451,3.054377,-0.40093306,1086
0,0,2.4276495,1.000614,1.9640834,151
4,4,1.3205564,1.8632529,1.3925235,1387
3,3,-6.959057,1.6728047,-1.7450846,989
3,3,-4.8043284,3.2661595,-0.75734895,1219
3,3,-3.9907997,2.1397436,-1.5239625,959
3,3,-5.2957015,1.7959905,-2.1273606,1029
2,2,0.928809,-2.7152238,1.939589,908
0,0,2.4475605,-0.20540673,0.95556676,231
4,4,1.6318903,2.9760778,1.2306027,1372
1,1,0.9152468,-2.6447828,-0.8835729,400
4,4,2.4768143,1.9077473,1.5545523,1244
1,1,-0.13238046,-2.4055593,-1.939222,579
3,3,-4.7455983,2.7592847,-0.27147278,1220
1,1,0.9332759,-2.6617053,-1.5572913,419
4,4,0.997652,2.1509771,1.6593502,1420
3,3,-4.998518,2.8805637,-1.5901104,1030
3,3,-3.3953257,2.122792,-1.4052789,1056
0,0,2.3335884,-0.37279028,1.0049901,62
1,1,0.27972806,-2.8945525,-0.28399688,607
4,4,2.1517694,3.1747704,1.4942999,1442
4,4,0.55831635,1.7044346,1.0637758,1421
0,0,2.4367712,-0.19761756,0.05772537,138
