true_label,pred_label,x,y,z,datatime_idx,,—\‘ªƒ‰ƒxƒ‹,x•½‹Ï,y•½‹Ï,z•½‹Ï
0,0,1.993013,0.15760066,0.34373206,0,,0,2.518669714,0.221429369,0.094728721
0,0,2.33967,-0.33555976,0.046798587,1,,1,0.45576897,-2.387218279,-1.498904745
0,0,2.3036218,-0.10666495,-0.57298565,2,,2,0.244375517,-2.268812123,1.678529862
0,0,2.3003576,-0.1371321,-0.19013637,3,,3,-4.211192628,2.915881136,-1.379433306
0,0,2.3503656,-0.38463137,0.005156517,4,,4,1.609549883,2.297477335,1.119087144
0,0,2.5134754,-0.34007922,0.13478197,5,,,,,
0,0,2.374353,-0.3981307,-0.10704594,6,,,,,
0,0,2.3987288,-0.11183733,-0.2716032,7,,,,,
0,0,2.3689017,-0.030684277,0.16476366,8,,,,,
0,0,2.764075,0.1601566,0.4136695,9,,,,,
0,0,2.2941196,-0.03642066,-0.14547536,10,,,,,
0,0,2.5258408,-0.042473733,-0.07716797,11,,,,,
0,0,2.6398048,0.25428608,0.12822865,12,,,,,
0,0,2.2908726,0.07973014,0.26047236,13,,,,,
0,0,2.4321232,0.24107148,0.105486155,14,,,,,
0,0,2.6245604,0.39065444,0.15758738,15,,,,,
0,0,2.631883,0.008633301,0.038653046,16,,,,,
0,0,2.1891274,-0.10545258,0.24424978,17,,,,,
0,0,2.6302972,0.31717065,0.09034556,18,,,,,
0,0,2.391007,0.36392924,0.026772663,19,,,,,
0,0,2.7796204,0.703405,0.30885765,20,,,,,
0,0,2.8187866,0.39362764,-0.011819601,21,,,,,
0,0,2.6064167,0.08964679,-0.15871768,22,,,,,
0,0,2.5249856,0.103479475,0.15130827,23,,,,,
0,0,2.6232903,0.30455095,0.5716064,24,,,,,
0,0,2.1647582,0.068858564,0.45944762,25,,,,,
0,0,2.463439,0.17424576,0.09746164,26,,,,,
0,0,2.4133537,0.505219,0.26020202,27,,,,,
0,0,2.469759,0.19515514,0.5172945,28,,,,,
0,0,2.5904706,0.5709813,0.33899915,29,,,,,
0,0,2.8051262,0.34634608,0.2784889,30,,,,,
0,0,2.8293815,0.49079666,0.24321187,31,,,,,
0,0,2.5479727,0.5687027,0.50624704,32,,,,,
0,0,2.4581115,0.30122358,0.6341285,33,,,,,
0,0,2.3118966,0.22395039,0.26352274,34,,,,,
0,0,2.4075007,-0.28299552,-0.08511314,35,,,,,
0,0,2.3189816,-0.004892781,-0.5648869,36,,,,,
0,0,2.2290022,-0.093975544,-0.26167524,37,,,,,
0,0,2.3416286,-0.27033597,-0.13746604,38,,,,,
0,0,2.5630503,-0.1519239,0.04281421,39,,,,,
0,0,2.2017012,-0.28352755,-0.110408686,40,,,,,
0,0,2.393465,-0.061261594,-0.3652056,41,,,,,
0,0,2.534961,-0.07372795,0.15697134,42,,,,,
0,0,2.7102504,0.2501566,0.35701388,43,,,,,
0,0,2.485804,0.10939902,-0.27755505,44,,,,,
0,0,2.5072236,-0.04135637,-0.06342317,45,,,,,
0,0,2.6727092,0.24305168,0.10348958,46,,,,,
0,0,2.2513268,0.11322087,0.25901064,47,,,,,
0,0,2.3622973,0.17563048,0.047295928,48,,,,,
0,0,2.6067863,0.49536702,0.111442804,49,,,,,
0,0,2.6847625,0.009633139,0.01053685,50,,,,,
0,0,2.2065327,-0.090328865,0.22686034,51,,,,,
0,0,2.5919106,0.34959626,-0.043244645,52,,,,,
0,0,2.4438422,0.38676536,-0.020916373,53,,,,,
0,0,2.6796937,0.68458927,0.11645499,54,,,,,
0,0,2.783236,0.3911078,-0.05343716,55,,,,,
0,0,2.5059838,0.2989658,-0.11678359,56,,,,,
0,0,2.6704347,0.17720295,0.19511628,57,,,,,
0,0,2.7140388,0.30037695,0.47471482,58,,,,,
0,0,2.4756312,0.1886124,0.47062483,59,,,,,
0,0,2.434977,0.26145273,0.056623504,60,,,,,
0,0,2.5232682,0.5213751,0.26294,61,,,,,
0,0,2.2036364,0.17725517,0.4802776,62,,,,,
0,0,2.5200493,0.5288729,0.3916639,63,,,,,
0,0,2.8142138,0.450106,0.29466024,64,,,,,
0,0,2.8515544,0.4716943,0.22966534,65,,,,,
0,0,2.597847,0.5365464,0.5067544,66,,,,,
0,0,2.377733,0.20695847,0.65367633,67,,,,,
0,0,2.3555143,0.1069971,0.14389388,68,,,,,
0,0,2.4096336,-0.29431024,-0.112221956,69,,,,,
0,0,2.1677427,-0.054502785,-0.5240357,70,,,,,
0,0,2.1899297,-0.0746931,-0.2151511,71,,,,,
0,0,2.3006718,-0.23351917,-0.17312285,72,,,,,
0,0,2.4474778,-0.15056878,0.038663507,73,,,,,
0,0,2.3235943,-0.23212293,-0.1482707,74,,,,,
0,0,2.4240403,-0.06450516,-0.31507096,75,,,,,
0,0,2.5074363,-0.049798418,0.2027823,76,,,,,
0,0,2.6576233,0.23443541,0.31034857,77,,,,,
0,0,2.3426905,0.014342845,-0.25423473,78,,,,,
0,0,2.6357727,-0.07680447,-0.114556834,79,,,,,
0,0,2.6325204,0.20525357,0.020727396,80,,,,,
0,0,2.2018197,0.0657817,0.22486205,81,,,,,
0,0,2.4254317,0.11733729,0.07496019,82,,,,,
0,0,2.603026,0.47007874,0.048562363,83,,,,,
0,0,2.7003765,0.05846633,0.000882804,84,,,,,
0,0,2.1783986,-0.19175991,0.21020499,85,,,,,
0,0,2.5643787,0.43102843,-0.11779128,86,,,,,
0,0,2.4217248,0.28055203,0.02988939,87,,,,,
0,0,2.7133262,0.63834757,0.0952445,88,,,,,
0,0,2.672119,0.46006274,-0.04821782,89,,,,,
0,0,2.5920136,0.30255407,-0.14621025,90,,,,,
0,0,2.6123533,0.23152895,0.1538244,91,,,,,
0,0,2.5468316,0.31630284,0.44962642,92,,,,,
0,0,2.3840544,0.21915117,0.3641923,93,,,,,
0,0,2.468093,0.2811272,0.12701,94,,,,,
0,0,2.356463,0.51797557,0.3983865,95,,,,,
0,0,2.5574794,0.235742,0.392907,96,,,,,
0,0,2.7734466,0.555794,0.22516534,97,,,,,
0,0,2.7796674,0.46916327,0.31939223,98,,,,,
0,0,2.8381994,0.44109145,0.19550891,99,,,,,
0,0,2.7518435,0.5634508,0.5032643,100,,,,,
0,0,2.294827,0.25362748,0.58639914,101,,,,,
0,0,2.403843,0.073985904,0.11457594,102,,,,,
0,0,2.5534205,-0.25043786,-0.10831985,103,,,,,
0,0,2.2616148,-0.06939652,-0.5743951,104,,,,,
0,0,2.4640188,-0.03259138,-0.27170208,105,,,,,
0,0,2.4768713,-0.25900087,-0.1939334,106,,,,,
0,0,2.5794785,-0.23925868,0.04871735,107,,,,,
0,0,2.3791733,-0.3187424,-0.14563042,108,,,,,
0,0,2.476759,-0.0634203,-0.3186148,109,,,,,
0,0,2.5307524,-0.05854083,0.12801091,110,,,,,
0,0,2.6186504,0.16573049,0.26154506,111,,,,,
0,0,2.456655,-0.089758165,-0.3792866,112,,,,,
0,0,2.740213,-0.19844747,-0.072491616,113,,,,,
0,0,2.5884356,0.13328478,-0.029014394,114,,,,,
0,0,2.3090906,-0.030492008,0.16273859,115,,,,,
0,0,2.497281,-0.002076238,0.11026013,116,,,,,
0,0,2.6909883,0.3859829,0.025707409,117,,,,,
0,0,2.6671915,0.033222303,-0.08309865,118,,,,,
0,0,2.2522004,-0.19654381,0.16549198,119,,,,,
0,0,2.5244982,0.49823922,-0.10197961,120,,,,,
0,0,2.3315673,0.2674715,0.08307277,121,,,,,
0,0,2.7303457,0.6676364,0.17597477,122,,,,,
0,0,2.3772063,0.27848026,0.117149025,123,,,,,
0,0,2.586359,0.37691742,-0.088219285,124,,,,,
0,0,2.5582032,0.27751672,0.18242174,125,,,,,
0,0,2.6198108,0.31741884,0.39269125,126,,,,,
0,0,2.363169,0.23223749,0.38217622,127,,,,,
0,0,2.3442702,0.25115868,0.24718186,128,,,,,
0,0,2.561889,0.5513015,0.43487138,129,,,,,
0,0,2.6090553,0.1091918,0.5245851,130,,,,,
0,0,2.5438757,0.53322923,0.28669232,131,,,,,
0,0,2.753942,0.5518651,0.42061454,132,,,,,
0,0,2.9155302,0.5595278,0.19472417,133,,,,,
0,0,2.852696,0.5874117,0.41660392,134,,,,,
0,0,2.5415788,0.28409845,0.6155598,135,,,,,
0,0,2.3536956,0.1475301,0.068243645,136,,,,,
0,0,2.5113583,-0.21574815,-0.07201511,137,,,,,
0,0,2.336334,-0.094845146,-0.5323087,138,,,,,
0,0,2.4297242,-0.0508437,-0.24409175,139,,,,,
0,0,2.4853835,-0.18830806,-0.26995367,140,,,,,
0,0,2.5760663,-0.2866229,0.07896887,141,,,,,
0,0,2.3076587,-0.26272014,-0.1211029,142,,,,,
0,0,2.459897,-0.028489187,-0.2888962,143,,,,,
0,0,2.5562658,-0.036340058,0.17674568,144,,,,,
0,0,2.514598,0.18221337,0.31390804,145,,,,,
0,0,2.4415355,-0.05059754,-0.35349602,146,,,,,
0,0,2.7156925,-0.13340124,-0.014498889,147,,,,,
0,0,2.5756836,0.17860985,0.06445685,148,,,,,
0,0,2.329738,0.000717506,0.22548309,149,,,,,
0,0,2.4735599,0.023198038,0.1256848,150,,,,,
0,0,2.6374598,0.4603039,0.010691807,151,,,,,
0,0,2.6471496,0.06477524,-0.118368804,152,,,,,
0,0,2.2618208,-0.16071142,0.18052492,153,,,,,
0,0,2.5908234,0.5880769,-0.09224309,154,,,,,
0,0,2.4658341,0.39939776,0.003444672,155,,,,,
0,0,2.693678,0.7644937,-0.008757681,156,,,,,
0,0,2.6168747,0.46086985,0.021737441,157,,,,,
0,0,2.564122,0.44619074,-0.041411325,158,,,,,
0,0,2.3446608,0.3572259,0.32020003,159,,,,,
0,0,2.4504209,0.34517646,0.426197,160,,,,,
0,0,2.39763,0.21004763,0.28271034,161,,,,,
0,0,2.425539,0.33757287,0.27177235,162,,,,,
0,0,2.1725736,0.43007782,0.44955578,163,,,,,
0,0,2.487631,0.08414218,0.4861334,164,,,,,
0,0,2.489276,0.4710833,0.328689,165,,,,,
0,0,2.7185955,0.6788496,0.40776917,166,,,,,
0,0,2.8343725,0.60965014,0.17744707,167,,,,,
0,0,2.6747582,0.60988504,0.38972777,168,,,,,
0,0,2.5487025,0.27397937,0.7068636,169,,,,,
0,0,2.3507557,0.16313103,-0.042622454,170,,,,,
0,0,2.5167212,-0.23895372,-0.14214328,171,,,,,
0,0,2.4346044,-0.0753513,-0.5310658,172,,,,,
0,0,2.3958857,-0.0695208,-0.37546933,173,,,,,
0,0,2.4091449,-0.16864753,-0.26440042,174,,,,,
0,0,2.6079154,-0.2669036,-0.005446494,175,,,,,
0,0,2.3151374,-0.24996486,-0.14910369,176,,,,,
0,0,2.4943085,-0.008274391,-0.28515399,177,,,,,
0,0,2.4379277,-0.008572787,0.23034719,178,,,,,
0,0,2.6265473,0.30910474,0.31837502,179,,,,,
0,0,2.501812,0.019417554,-0.36453336,180,,,,,
0,0,2.7315688,-0.027910668,-0.056030884,181,,,,,
0,0,2.6919942,0.2939363,0.029867455,182,,,,,
0,0,2.3818495,0.09784247,0.12365077,183,,,,,
0,0,2.5399578,0.08848871,0.15483868,184,,,,,
0,0,2.6944,0.4999087,-0.015597716,185,,,,,
0,0,2.6852717,0.13987683,-0.17718694,186,,,,,
0,0,2.2646246,-0.20586176,0.21301456,187,,,,,
0,0,2.5793557,0.6226508,-0.14913255,188,,,,,
0,0,2.411462,0.31628278,-0.015778586,189,,,,,
0,0,2.7373774,0.727933,0.006060958,190,,,,,
0,0,2.653944,0.4854634,0.036505684,191,,,,,
0,0,2.57603,0.49718946,-0.10967314,192,,,,,
0,0,2.38715,0.40000826,0.26845366,193,,,,,
0,0,2.6373575,0.44883737,0.35587123,194,,,,,
0,0,2.393703,0.13094729,0.29508543,195,,,,,
0,0,2.275166,0.40249866,0.22729027,196,,,,,
0,0,2.480723,0.4548719,0.3254348,197,,,,,
0,0,2.3949637,0.08162061,0.39012688,198,,,,,
0,0,2.3765187,0.47656593,0.19422674,199,,,,,
0,0,2.7878017,0.69543743,0.42073405,200,,,,,
0,0,2.908235,0.71513355,-0.022313043,201,,,,,
0,0,2.7965212,0.6928029,0.2543357,202,,,,,
0,0,2.5766513,0.30375075,0.6725582,203,,,,,
0,0,2.3127193,0.08198917,-0.055942867,204,,,,,
0,0,2.550242,-0.15153986,-0.09472521,205,,,,,
0,0,2.4666944,-0.018554792,-0.39019284,206,,,,,
0,0,2.3463974,0.009321824,-0.2933453,207,,,,,
0,0,2.5047054,-0.17349586,-0.2714982,208,,,,,
0,0,2.6343877,-0.1939739,-0.042421542,209,,,,,
0,0,2.343884,-0.24528328,-0.17319506,210,,,,,
0,0,2.5239468,0.14959875,-0.3183342,211,,,,,
0,0,2.7459126,0.05747024,0.1632776,212,,,,,
0,0,2.7021537,0.3179384,0.2985911,213,,,,,
0,0,2.4511313,0.03744486,-0.33482802,214,,,,,
0,0,2.7533522,0.112653404,-0.05871676,215,,,,,
0,0,2.5996542,0.34115994,0.14785247,216,,,,,
0,0,2.3668027,0.11262868,0.27823377,217,,,,,
0,0,2.6344414,0.2071729,0.17180428,218,,,,,
0,0,2.8343024,0.60609746,-0.032610044,219,,,,,
0,0,2.7314992,0.19853622,-0.12665248,220,,,,,
0,0,2.1750379,-0.116547175,0.30087528,221,,,,,
0,0,2.610104,0.6421525,-0.13394547,222,,,,,
0,0,2.4438396,0.4274571,-0.10186723,223,,,,,
0,0,2.6764581,0.643656,0.13946852,224,,,,,
0,0,2.607297,0.42150354,0.05434747,225,,,,,
0,0,2.4385877,0.43671775,-0.023488238,226,,,,,
0,0,2.4066608,0.42760587,0.3390899,227,,,,,
0,0,2.5415497,0.29089755,0.41999727,228,,,,,
0,0,2.5348115,0.18583621,0.37351817,229,,,,,
0,0,2.46738,0.39524186,0.28315043,230,,,,,
0,0,2.526958,0.4441052,0.30826372,231,,,,,
0,0,2.4879699,0.11863521,0.37991437,232,,,,,
0,0,2.4535012,0.51606184,0.1949035,233,,,,,
0,0,2.874906,0.65429974,0.5301078,234,,,,,
0,0,2.8694975,0.59100306,-0.013208538,235,,,,,
0,0,2.8419423,0.6298435,0.24065208,236,,,,,
0,0,2.6273532,0.20732026,0.6799807,237,,,,,
0,0,2.0807817,0.28843176,0.008692775,238,,,,,
0,0,2.4654632,0.015982002,-0.052454382,239,,,,,
0,0,2.3456998,0.07967745,-0.3309192,240,,,,,
0,0,2.2598476,0.06923781,-0.18979123,241,,,,,
0,0,2.4200027,-0.108347714,-0.32234898,242,,,,,
0,0,2.475888,-0.20293058,-0.033742458,243,,,,,
0,0,2.335406,-0.25830346,-0.18394941,244,,,,,
0,0,2.482919,0.1980602,-0.33985585,245,,,,,
0,0,2.3951144,-0.05713083,0.25334427,246,,,,,
0,0,2.7503247,0.41971672,0.31254774,247,,,,,
0,0,2.4471426,0.06757142,-0.3666135,248,,,,,
0,0,2.7627268,0.093817234,-0.08314201,249,,,,,
0,0,2.6683826,0.4459309,0.16189761,250,,,,,
0,0,2.413568,0.22257379,0.28223634,251,,,,,
0,0,2.6454034,0.248382,0.24695504,252,,,,,
0,0,2.731452,0.5633889,0.06371677,253,,,,,
0,0,2.7543802,0.23887244,-0.02463597,254,,,,,
0,0,2.2820566,0.10707311,0.36428362,255,,,,,
0,0,2.6149054,0.6842562,-0.10421455,256,,,,,
0,0,2.2740126,0.28338903,0.07744864,257,,,,,
0,0,2.7545998,0.7195288,0.10609909,258,,,,,
0,0,2.8681345,0.5272676,-0.001859814,259,,,,,
0,0,2.4946728,0.56465364,-0.02248931,260,,,,,
0,0,2.4893599,0.5430542,0.36000517,261,,,,,
0,0,2.5696635,0.40359515,0.4074305,262,,,,,
0,0,2.4750667,0.283611,0.41521984,263,,,,,
0,0,2.3680205,0.38306534,0.4798446,264,,,,,
0,0,2.5435045,0.5753969,0.3397442,265,,,,,
0,0,2.5155478,0.20068279,0.44319597,266,,,,,
0,0,2.4203606,0.57720035,0.18905595,267,,,,,
0,0,2.7214231,0.75751156,0.53281325,268,,,,,
0,0,2.8336422,0.6813242,-0.05730924,269,,,,,
0,0,2.7639954,0.6646914,0.25549555,270,,,,,
0,0,2.5542908,0.20863691,0.7083778,271,,,,,
0,0,2.0783997,0.4258057,-0.14539883,272,,,,,
0,0,2.4000854,0.09404144,-0.07551391,273,,,,,
0,0,2.302466,0.19345158,-0.46978283,274,,,,,
0,0,2.3909929,0.033078417,-0.27460682,275,,,,,
0,0,2.4396572,-0.08992496,-0.3748639,276,,,,,
0,0,2.408718,-0.14635898,-0.03651452,277,,,,,
0,0,2.2964025,-0.25816867,-0.19660419,278,,,,,
0,0,2.5085282,0.17064378,-0.36266288,279,,,,,
0,0,2.6244268,0.12410377,0.26608294,280,,,,,
0,0,2.7182298,0.36731377,0.30221704,281,,,,,
0,0,2.4180064,0.17244446,-0.40547872,282,,,,,
0,0,2.8147476,0.0314904,-0.09785741,283,,,,,
0,0,2.5802214,0.37006146,0.20562382,284,,,,,
0,0,2.5245194,0.32022732,0.24962977,285,,,,,
0,0,2.697555,0.2862191,0.14686152,286,,,,,
0,0,2.8175929,0.6402942,0.03826794,287,,,,,
0,0,2.7483177,0.26398113,-0.18459621,288,,,,,
0,0,2.0614724,0.25617474,0.37009296,289,,,,,
0,0,2.5570836,0.69841856,-0.0726578,290,,,,,
0,0,2.5710943,0.44803423,-0.1668724,291,,,,,
0,0,2.661112,0.859867,-0.06829627,292,,,,,
0,0,2.7267234,0.59055984,0.0429644,293,,,,,
0,0,2.6138096,0.51903653,0.033369154,294,,,,,
0,0,2.4940434,0.68326813,0.4601332,295,,,,,
0,0,2.4098263,0.46762446,0.42868173,296,,,,,
0,0,2.5613384,0.3054443,0.39019343,297,,,,,
0,0,2.3649786,0.38966537,0.41253486,298,,,,,
0,0,2.7600722,0.67601395,0.2224316,299,,,,,
0,0,2.5084424,0.26563936,0.3392834,300,,,,,
0,0,2.3467917,0.6094542,0.16344337,301,,,,,
0,0,2.709004,0.86518556,0.42425087,302,,,,,
0,0,2.7965133,0.6088577,-0.036558047,303,,,,,
0,0,2.7311468,0.7321338,0.19486538,304,,,,,
0,0,2.4435172,0.23652902,0.6817447,305,,,,,
1,1,-0.32819828,-2.3502011,-1.218503,306,,,,,
1,1,-0.40053493,-2.3635416,-1.0917503,307,,,,,
1,1,-0.5871668,-1.8957438,-0.90218157,308,,,,,
1,1,-0.5586498,-1.8572211,-0.73092365,309,,,,,
1,1,-0.21167928,-2.1083825,-1.2392368,310,,,,,
1,1,-0.14226165,-2.155343,-1.455745,311,,,,,
1,1,-0.16940987,-2.3587646,-1.223875,312,,,,,
1,1,0.37926143,-2.5366406,-1.1274883,313,,,,,
1,1,0.5848807,-2.2405283,-1.6841216,314,,,,,
1,1,0.359483,-2.3566809,-1.2284234,315,,,,,
1,1,0.24607581,-2.4512043,-1.0293281,316,,,,,
1,1,0.8296013,-2.298565,-1.2909261,317,,,,,
1,1,0.63273364,-2.330015,-1.4008573,318,,,,,
1,1,0.977793,-2.2593527,-1.4251658,319,,,,,
1,1,0.90371966,-2.3652275,-1.4429408,320,,,,,
1,1,0.8034555,-2.439375,-1.399958,321,,,,,
1,1,1.1122642,-2.503541,-1.3105688,322,,,,,
1,1,0.85834414,-2.3901892,-1.5856432,323,,,,,
1,1,1.2010214,-2.3865504,-1.8992097,324,,,,,
1,1,1.239116,-2.2958665,-1.1720171,325,,,,,
1,1,1.2509149,-2.3146193,-1.5884314,326,,,,,
1,1,1.10637,-2.7831423,-1.2586863,327,,,,,
1,1,1.3871063,-2.4248,-1.7696238,328,,,,,
1,1,1.4582642,-2.3002577,-1.0059083,329,,,,,
1,1,1.1088117,-2.5535173,-1.2564442,330,,,,,
1,1,0.39616907,-2.5047836,-0.9266304,331,,,,,
1,1,0.43363196,-2.8068967,-1.1060429,332,,,,,
1,1,0.29618323,-2.5193896,-0.31851667,333,,,,,
1,1,0.6594793,-2.707294,-0.88923705,334,,,,,
1,1,0.8007034,-2.8314104,-0.5126855,335,,,,,
1,1,1.1555977,-2.6426475,-0.86195076,336,,,,,
1,1,1.0402681,-2.6026533,-0.48955935,337,,,,,
1,1,0.5837923,-2.642108,-0.87692,338,,,,,
1,1,0.8770072,-2.6350026,-0.9795289,339,,,,,
1,1,-0.37608752,-2.2565675,-1.1830536,340,,,,,
1,1,-0.40537864,-2.3270667,-1.2050014,341,,,,,
1,1,-0.5530182,-1.9979343,-1.0318736,342,,,,,
1,1,-0.5430458,-2.0341187,-0.7932405,343,,,,,
1,1,-0.30028248,-2.1592283,-1.3660754,344,,,,,
1,1,-0.18632051,-2.1995218,-1.5235136,345,,,,,
1,1,-0.19579254,-2.3430686,-1.2704594,346,,,,,
1,1,0.066766456,-2.4532804,-1.0877473,347,,,,,
1,1,0.46620226,-2.3396711,-1.7900798,348,,,,,
1,1,0.22143087,-2.3688912,-1.2785865,349,,,,,
1,1,0.18144429,-2.4095592,-1.1516898,350,,,,,
1,1,0.9559733,-2.5533013,-1.461304,351,,,,,
1,1,0.52997506,-2.394044,-1.4022477,352,,,,,
1,1,0.94879913,-2.3910494,-1.521105,353,,,,,
1,1,0.7708678,-2.3796551,-1.4332274,354,,,,,
1,1,0.7857581,-2.5968947,-1.5109557,355,,,,,
1,1,0.990873,-2.4931784,-1.403714,356,,,,,
1,1,0.83596206,-2.4743853,-1.6939927,357,,,,,
1,1,1.0398177,-2.436361,-2.0208201,358,,,,,
1,1,1.2816324,-2.376647,-1.3164577,359,,,,,
1,1,1.2038028,-2.4280212,-1.7665446,360,,,,,
1,1,1.1306378,-2.8129234,-1.3089644,361,,,,,
1,1,1.3043761,-2.4715364,-1.8952919,362,,,,,
1,1,1.450391,-2.4588878,-1.1017958,363,,,,,
1,1,1.0399196,-2.6693702,-1.2574192,364,,,,,
1,1,0.4784002,-2.6237464,-0.9713456,365,,,,,
1,1,0.29646403,-2.8260303,-0.99296343,366,,,,,
1,1,0.27484655,-2.430008,-0.44757646,367,,,,,
1,1,0.4538671,-2.7702107,-0.81781256,368,,,,,
1,1,0.77502567,-2.7119124,-0.50741947,369,,,,,
1,1,0.9745611,-2.7568586,-0.7831625,370,,,,,
1,1,0.889603,-2.6660423,-0.47878206,371,,,,,
1,1,0.58244175,-2.6702585,-0.93339115,372,,,,,
1,1,0.8976989,-2.7600021,-1.0704268,373,,,,,
1,1,-0.5114878,-2.145277,-1.1885631,374,,,,,
1,1,-0.44168293,-2.2352486,-1.3155768,375,,,,,
1,1,-0.49137646,-2.0172524,-1.2419786,376,,,,,
1,1,-0.5614548,-1.937921,-0.84042037,377,,,,,
1,1,-0.34645307,-2.196879,-1.4864888,378,,,,,
1,1,-0.16086246,-2.1312604,-1.6917475,379,,,,,
1,1,-0.26235965,-2.3866115,-1.3092691,380,,,,,
1,1,0.16739199,-2.4349513,-1.3464605,381,,,,,
1,1,0.4079683,-2.3069873,-1.9354585,382,,,,,
1,1,0.14846656,-2.3396072,-1.4712658,383,,,,,
1,1,0.110909626,-2.3414354,-1.2909157,384,,,,,
1,1,0.9603111,-2.5068963,-1.6438079,385,,,,,
1,1,0.5810818,-2.429946,-1.6191345,386,,,,,
1,1,0.92288816,-2.3801968,-1.593411,387,,,,,
1,1,0.5993694,-2.4125419,-1.3414371,388,,,,,
1,1,0.7432566,-2.431999,-1.6671227,389,,,,,
1,1,1.0292256,-2.4790163,-1.5662321,390,,,,,
1,1,0.87423706,-2.4439573,-1.8752148,391,,,,,
1,1,1.0553102,-2.4143057,-2.0716505,392,,,,,
1,1,1.2388592,-2.3212361,-1.357681,393,,,,,
1,1,1.1759337,-2.363787,-1.9169514,394,,,,,
1,1,1.1780547,-2.726997,-1.3783588,395,,,,,
1,1,1.2731322,-2.382255,-1.9758959,396,,,,,
1,1,1.4879134,-2.443575,-1.2776405,397,,,,,
1,1,1.1546239,-2.641673,-1.477583,398,,,,,
1,1,0.6026629,-2.594605,-1.0138559,399,,,,,
1,1,0.41516483,-2.8108873,-0.9977251,400,,,,,
1,1,0.30785263,-2.3896756,-0.48305956,401,,,,,
1,1,0.4592324,-2.8421936,-0.93849784,402,,,,,
1,1,0.79502726,-2.7188299,-0.50275606,403,,,,,
1,1,0.9892275,-2.806628,-0.8718037,404,,,,,
1,1,0.9293302,-2.7840466,-0.602607,405,,,,,
1,1,0.44511,-2.7644916,-0.9274421,406,,,,,
1,1,0.9358547,-2.8034756,-1.1382064,407,,,,,
1,1,-0.3787137,-2.3693085,-1.5765406,408,,,,,
1,1,-0.5912126,-2.194312,-1.4163067,409,,,,,
1,1,-0.6259257,-1.9855167,-1.3878226,410,,,,,
1,1,-0.5497977,-1.8996241,-1.0072773,411,,,,,
1,1,-0.41554138,-2.1147742,-1.6008499,412,,,,,
1,1,-0.16830844,-2.104963,-1.7623172,413,,,,,
1,1,-0.25203723,-2.3648677,-1.4246229,414,,,,,
1,1,0.11665961,-2.3539624,-1.499091,415,,,,,
1,1,0.28923926,-2.1715937,-2.0524123,416,,,,,
1,1,0.010280728,-2.3202558,-1.6210854,417,,,,,
1,1,0.21620919,-2.377407,-1.5616888,418,,,,,
1,1,0.9264459,-2.4767168,-1.8685852,419,,,,,
1,1,0.5677972,-2.375217,-1.8390741,420,,,,,
1,1,0.8201789,-2.264455,-1.8433442,421,,,,,
1,1,0.6229011,-2.35281,-1.711704,422,,,,,
1,1,0.7007016,-2.3036544,-1.8772017,423,,,,,
1,1,1.0393744,-2.4940128,-1.7831788,424,,,,,
1,1,0.7769728,-2.361783,-2.02064,425,,,,,
1,1,0.98114914,-2.3400397,-2.2587397,426,,,,,
1,1,1.2693809,-2.2873921,-1.6279862,427,,,,,
1,1,1.1222572,-2.3170261,-2.1315968,428,,,,,
1,1,1.2225301,-2.653284,-1.625005,429,,,,,
1,1,1.1322566,-2.285089,-2.079801,430,,,,,
1,1,1.4169142,-2.4545398,-1.4635844,431,,,,,
1,1,1.111459,-2.655078,-1.4920924,432,,,,,
1,1,0.6295445,-2.588076,-1.2027973,433,,,,,
1,1,0.33979082,-2.64983,-1.1570883,434,,,,,
1,1,0.31623322,-2.4151354,-0.5137984,435,,,,,
1,1,0.5549286,-2.6922956,-1.103215,436,,,,,
1,1,0.75736713,-2.8035586,-0.5870146,437,,,,,
1,1,0.9026966,-2.8640656,-0.9521309,438,,,,,
1,1,0.9358421,-2.6746128,-0.69863915,439,,,,,
1,1,0.5170409,-2.8632252,-1.0883381,440,,,,,
1,1,0.62739575,-2.6670103,-1.0060799,441,,,,,
1,1,-0.50670147,-2.30801,-1.6155376,442,,,,,
1,1,-0.6671735,-2.2232928,-1.5450292,443,,,,,
1,1,-0.6499524,-1.9991415,-1.5403113,444,,,,,
1,1,-0.5975131,-1.9802516,-1.1084795,445,,,,,
1,1,-0.4945785,-2.1035986,-1.6518939,446,,,,,
1,1,-0.21487668,-2.124379,-1.8781357,447,,,,,
1,1,-0.21799245,-2.338183,-1.6372141,448,,,,,
1,1,-0.031209514,-2.24605,-1.6468229,449,,,,,
1,1,0.26265973,-2.1355445,-2.181583,450,,,,,
1,1,-0.05798836,-2.2193885,-1.7425303,451,,,,,
1,1,0.15424438,-2.295123,-1.6240623,452,,,,,
1,1,0.84180444,-2.453658,-1.9888731,453,,,,,
1,1,0.43482363,-2.3393016,-1.8459575,454,,,,,
1,1,0.7158047,-2.3233986,-1.8683052,455,,,,,
1,1,0.64293224,-2.2653308,-1.8451833,456,,,,,
1,1,0.6573365,-2.412778,-1.8655,457,,,,,
1,1,0.9076033,-2.4749687,-1.810799,458,,,,,
1,1,0.64773214,-2.424917,-1.949806,459,,,,,
1,1,0.89311624,-2.316718,-2.2997699,460,,,,,
1,1,1.0709243,-2.341754,-1.6581329,461,,,,,
1,1,1.0162516,-2.302588,-2.1267362,462,,,,,
1,1,1.0152811,-2.5806074,-1.6083442,463,,,,,
1,1,1.0102631,-2.210538,-2.033641,464,,,,,
1,1,1.2874553,-2.498328,-1.5602798,465,,,,,
1,1,1.0776532,-2.6869478,-1.6414672,466,,,,,
1,1,0.57218456,-2.5792181,-1.2245353,467,,,,,
1,1,0.28996873,-2.6245503,-1.2347529,468,,,,,
1,1,0.2451739,-2.3048391,-0.5990987,469,,,,,
1,1,0.557491,-2.605483,-1.081827,470,,,,,
1,1,0.5781107,-2.809745,-0.67069477,471,,,,,
1,1,0.9976199,-2.730783,-1.1487932,472,,,,,
1,1,0.80394816,-2.5941448,-0.64388734,473,,,,,
1,1,0.4970563,-2.7229512,-1.166117,474,,,,,
1,1,0.75997585,-2.719346,-1.2106072,475,,,,,
1,1,-0.49200606,-2.2641826,-1.6556518,476,,,,,
1,1,-0.57441175,-2.2615314,-1.5467303,477,,,,,
1,1,-0.5531092,-2.0314388,-1.5171154,478,,,,,
1,1,-0.6296601,-1.9806043,-1.1314343,479,,,,,
1,1,-0.522619,-2.0418692,-1.7106385,480,,,,,
1,1,-0.28323185,-1.9969646,-1.8819754,481,,,,,
1,1,-0.22833863,-2.3253531,-1.6172838,482,,,,,
1,1,-0.077736855,-2.2284493,-1.5885662,483,,,,,
1,1,0.20512977,-2.1035337,-2.2005715,484,,,,,
1,1,-0.041725993,-2.2595553,-1.802866,485,,,,,
1,1,0.12919325,-2.2346988,-1.6754593,486,,,,,
1,1,0.714457,-2.454504,-2.098421,487,,,,,
1,1,0.3806121,-2.387546,-1.9663094,488,,,,,
1,1,0.690464,-2.3539133,-1.9642199,489,,,,,
1,1,0.6276369,-2.3389773,-1.8940747,490,,,,,
1,1,0.6810681,-2.433457,-1.950082,491,,,,,
1,1,0.8005835,-2.504825,-1.7691165,492,,,,,
1,1,0.60317695,-2.479828,-2.0722902,493,,,,,
1,1,0.86612535,-2.2973332,-2.3823721,494,,,,,
1,1,0.9932927,-2.295011,-1.7825805,495,,,,,
1,1,0.962764,-2.3376584,-2.213235,496,,,,,
1,1,0.97655237,-2.5390127,-1.7430668,497,,,,,
1,1,0.94714534,-2.211211,-2.0898554,498,,,,,
1,1,1.2461545,-2.5725274,-1.5182843,499,,,,,
1,1,1.0313342,-2.7013955,-1.6714784,500,,,,,
1,1,0.571603,-2.5604568,-1.3305994,501,,,,,
1,1,0.18248904,-2.567561,-1.1764407,502,,,,,
1,1,0.2752131,-2.287157,-0.8484132,503,,,,,
1,1,0.32146558,-2.3938494,-1.0123619,504,,,,,
1,1,0.53788626,-2.733697,-0.6584218,505,,,,,
1,1,0.86853653,-2.619608,-1.1377033,506,,,,,
1,1,1.0082045,-2.6923478,-0.89623916,507,,,,,
1,1,0.51602334,-2.6842375,-1.1271055,508,,,,,
1,1,0.6682858,-2.6383104,-1.0438713,509,,,,,
1,1,-0.43165183,-2.291233,-1.7138182,510,,,,,
1,1,-0.5521566,-2.2823792,-1.6318195,511,,,,,
1,1,-0.56668925,-1.9017463,-1.4950957,512,,,,,
1,1,-0.5415787,-2.0297084,-1.257982,513,,,,,
1,1,-0.5324247,-2.0052838,-1.787413,514,,,,,
1,1,-0.33837375,-1.9300151,-1.940123,515,,,,,
1,1,-0.2007572,-2.3213003,-1.5718893,516,,,,,
1,1,-0.049768746,-2.16294,-1.6994722,517,,,,,
1,1,0.15706328,-2.0222619,-2.183914,518,,,,,
1,1,0.00147,-2.1885386,-1.8198526,519,,,,,
1,1,0.07307404,-2.1733398,-1.6454594,520,,,,,
1,1,0.70886326,-2.349766,-2.1688654,521,,,,,
1,1,0.42393127,-2.3845716,-2.069531,522,,,,,
1,1,0.6271254,-2.230349,-1.9679016,523,,,,,
1,1,0.28491938,-2.204876,-1.6022241,524,,,,,
1,1,0.63099474,-2.3386483,-1.9430425,525,,,,,
1,1,0.7845926,-2.3995326,-1.8980097,526,,,,,
1,1,0.5431358,-2.357172,-2.0810978,527,,,,,
1,1,0.8750118,-2.2092965,-2.3331304,528,,,,,
1,1,0.91143996,-2.203033,-1.787019,529,,,,,
1,1,0.89523965,-2.290372,-2.2310915,530,,,,,
1,1,0.97215015,-2.4663024,-1.6502792,531,,,,,
1,1,1.0191399,-2.2099307,-2.1517816,532,,,,,
1,1,1.2604301,-2.5912051,-1.5452037,533,,,,,
1,1,1.0317652,-2.7075868,-1.7181091,534,,,,,
1,1,0.4803072,-2.5607882,-1.3441947,535,,,,,
1,1,0.16601917,-2.5652332,-1.2386563,536,,,,,
1,1,0.34579575,-2.2842834,-1.0394734,537,,,,,
1,1,0.53630126,-2.4648976,-1.1788014,538,,,,,
1,1,0.5468122,-2.780349,-0.77378273,539,,,,,
1,1,1.0357602,-2.542756,-1.3896692,540,,,,,
1,1,0.8009032,-2.6694365,-0.8356794,541,,,,,
1,1,0.57966924,-2.65124,-1.1986599,542,,,,,
1,1,0.88287926,-2.6884675,-1.2317107,543,,,,,
1,1,-0.4881223,-2.1855521,-1.6621501,544,,,,,
1,1,-0.70166683,-2.1741529,-1.4130619,545,,,,,
1,1,-0.5245114,-1.9814408,-1.527273,546,,,,,
1,1,-0.5848228,-2.0734265,-1.2950473,547,,,,,
1,1,-0.5030418,-2.0117822,-1.9191151,548,,,,,
1,1,-0.25052702,-1.9969127,-1.9235945,549,,,,,
1,1,-0.1986942,-2.300085,-1.6562153,550,,,,,
1,1,-0.20043379,-2.10236,-1.711537,551,,,,,
1,1,0.10261458,-2.066341,-2.207746,552,,,,,
1,1,-0.035425693,-2.219017,-1.9192506,553,,,,,
1,1,0.003663033,-2.1286275,-1.7488883,554,,,,,
1,1,0.5662963,-2.3450303,-2.0623932,555,,,,,
1,1,0.2931861,-2.384138,-2.041047,556,,,,,
1,1,0.60663605,-2.253531,-2.1193142,557,,,,,
1,1,0.5048843,-2.2966158,-2.0201347,558,,,,,
1,1,0.53080404,-2.3483243,-2.0209315,559,,,,,
1,1,0.7453282,-2.411854,-2.0652044,560,,,,,
1,1,0.50837886,-2.3745918,-2.1997452,561,,,,,
1,1,0.8334847,-2.32167,-2.3709998,562,,,,,
1,1,0.7694773,-2.3007736,-1.9195734,563,,,,,
1,1,0.8664976,-2.3198473,-2.3505747,564,,,,,
1,1,1.0541152,-2.5000246,-1.8905883,565,,,,,
1,1,0.876566,-2.3279934,-2.0875287,566,,,,,
1,1,1.195396,-2.5429664,-1.5387886,567,,,,,
1,1,0.9632808,-2.7211332,-1.7856612,568,,,,,
1,1,0.40033332,-2.512456,-1.4826471,569,,,,,
1,1,0.12357369,-2.5919156,-1.4053636,570,,,,,
1,1,0.36036706,-2.2402136,-1.1602392,571,,,,,
1,1,0.49513876,-2.513984,-1.2406844,572,,,,,
1,1,0.44095916,-2.7325385,-0.9037859,573,,,,,
1,1,1.0212651,-2.4757478,-1.3565543,574,,,,,
1,1,0.8967755,-2.688725,-0.9213729,575,,,,,
1,1,0.57111377,-2.5919843,-1.1234543,576,,,,,
1,1,0.7847804,-2.553151,-1.2688843,577,,,,,
1,1,-0.6290765,-2.0169861,-1.5624298,578,,,,,
1,1,-0.46242714,-2.2553697,-1.6855822,579,,,,,
1,1,-0.537153,-1.963,-1.5277694,580,,,,,
1,1,-0.5260416,-1.8466377,-1.2541254,581,,,,,
1,1,-0.42612255,-1.9380558,-1.9948733,582,,,,,
1,1,-0.19509807,-2.000113,-1.9505858,583,,,,,
1,1,-0.061755538,-2.387383,-1.5131013,584,,,,,
1,1,-0.014159441,-2.1477182,-1.8007791,585,,,,,
1,1,0.18265188,-2.0368676,-2.1777563,586,,,,,
1,1,-0.000590175,-2.1601622,-1.9493713,587,,,,,
1,1,0.15149862,-2.1464782,-1.8372815,588,,,,,
1,1,0.5935044,-2.319837,-2.0724764,589,,,,,
1,1,0.3612296,-2.339469,-2.0204043,590,,,,,
1,1,0.591081,-2.1721063,-2.0070758,591,,,,,
1,1,0.4948189,-2.2684863,-2.0246837,592,,,,,
1,1,0.53179467,-2.2194517,-2.0285435,593,,,,,
1,1,0.8106858,-2.3753376,-1.979471,594,,,,,
1,1,0.42104822,-2.243264,-2.199483,595,,,,,
1,1,0.8292332,-2.3349268,-2.3922172,596,,,,,
1,1,0.7840238,-2.2075849,-2.0339417,597,,,,,
1,1,0.9432012,-2.2838774,-2.3087425,598,,,,,
1,1,0.9755313,-2.3529248,-1.8496283,599,,,,,
1,1,0.8672515,-2.1826591,-2.2862914,600,,,,,
1,1,1.1547694,-2.416698,-1.6029309,601,,,,,
1,1,0.9676682,-2.5778227,-1.770292,602,,,,,
1,1,0.37275714,-2.3801668,-1.5431197,603,,,,,
1,1,0.14665404,-2.5675583,-1.4866483,604,,,,,
1,1,0.3614583,-2.1897092,-1.244005,605,,,,,
1,1,0.38869232,-2.4799337,-1.1479323,606,,,,,
1,1,0.39618385,-2.6433198,-0.8721856,607,,,,,
1,1,0.9373456,-2.4580812,-1.3335462,608,,,,,
1,1,0.9117781,-2.6379027,-0.96782464,609,,,,,
1,1,0.4827544,-2.586969,-1.0316931,610,,,,,
1,1,0.6625731,-2.4818983,-1.1594738,611,,,,,
2,2,0.30165255,-2.63947,1.6774914,612,,,,,
2,2,0.24615866,-2.3957312,1.7256619,613,,,,,
2,2,0.3975736,-2.3197815,1.7555414,614,,,,,
2,2,0.60663867,-2.4132748,1.4990656,615,,,,,
2,2,0.2476309,-2.6789327,2.0945318,616,,,,,
2,2,0.75295836,-2.3437474,1.8919845,617,,,,,
2,2,0.32761034,-2.2701917,1.6324515,618,,,,,
2,2,0.23957124,-2.638073,1.8259572,619,,,,,
2,2,0.39949536,-2.3276463,1.2772018,620,,,,,
2,2,0.22719264,-2.330473,1.7797668,621,,,,,
2,2,0.6423297,-2.3760276,1.8820027,622,,,,,
2,2,0.40425128,-2.5168495,1.7591634,623,,,,,
2,2,0.29665086,-2.4435658,1.7317986,624,,,,,
2,2,0.059496563,-2.1463919,1.6063352,625,,,,,
2,2,0.41746736,-2.1417627,1.9989358,626,,,,,
2,2,0.4524213,-2.1335473,1.9055352,627,,,,,
2,2,0.7837458,-2.1752572,2.1114857,628,,,,,
2,2,0.38671184,-1.8901805,2.0038881,629,,,,,
2,2,0.20252818,-1.9143395,2.289044,630,,,,,
2,2,0.06881802,-2.28335,2.1484683,631,,,,,
2,2,0.071615584,-1.9172696,1.7473,632,,,,,
2,2,0.5018508,-2.0287762,2.263494,633,,,,,
2,2,0.61186063,-2.155321,1.904136,634,,,,,
2,2,0.7562788,-1.9055965,1.9237621,635,,,,,
2,2,0.22278105,-2.1738732,2.1596174,636,,,,,
2,2,-0.46833745,-2.1769764,1.3952291,637,,,,,
2,2,-0.07631895,-2.250236,1.8599312,638,,,,,
2,2,0.6373669,-1.7341633,2.1676815,639,,,,,
2,2,0.13163559,-2.0636737,2.064879,640,,,,,
2,2,0.5403819,-2.2342556,1.7726966,641,,,,,
2,2,0.50402296,-1.8927021,1.9606628,642,,,,,
2,2,0.27756476,-2.4388344,1.6588309,643,,,,,
2,2,0.3933652,-1.8458059,1.5198017,644,,,,,
2,2,0.17998034,-2.2307625,1.5661125,645,,,,,
2,2,0.24947284,-2.5102353,1.6400942,646,,,,,
2,2,0.21437086,-2.507244,1.7012767,647,,,,,
2,2,0.3813985,-2.4332626,1.690197,648,,,,,
2,2,0.43939126,-2.477101,1.4342084,649,,,,,
2,2,0.28553218,-2.7939055,2.0709772,650,,,,,
2,2,0.66182995,-2.4780014,1.8877604,651,,,,,
2,2,0.22627075,-2.3504581,1.57315,652,,,,,
2,2,0.13292871,-2.7033734,1.7438931,653,,,,,
2,2,0.2230678,-2.3495803,1.2491384,654,,,,,
2,2,0.09735575,-2.4218392,1.7507297,655,,,,,
2,2,0.57101476,-2.5314136,1.8753965,656,,,,,
2,2,0.4438972,-2.6234393,1.7404331,657,,,,,
2,2,0.2706943,-2.6007318,1.7832375,658,,,,,
2,2,0.03392348,-2.220102,1.6576719,659,,,,,
2,2,0.4656609,-2.3552024,1.9703863,660,,,,,
2,2,0.31433514,-2.1543965,1.8183941,661,,,,,
2,2,0.7171098,-2.336824,2.1762667,662,,,,,
2,2,0.40265504,-1.9645178,2.0299628,663,,,,,
2,2,0.24866335,-2.044718,2.3375006,664,,,,,
2,2,-0.015505813,-2.1966856,2.1694872,665,,,,,
2,2,0.02914042,-1.8964217,1.7646378,666,,,,,
2,2,0.35298738,-2.0393367,2.2082381,667,,,,,
2,2,0.47643298,-2.130573,1.9087889,668,,,,,
2,2,0.558366,-1.8012089,2.005548,669,,,,,
2,2,0.087283485,-2.1380897,2.137323,670,,,,,
2,2,-0.5207111,-2.0941985,1.4323128,671,,,,,
2,2,-0.030517193,-2.2854419,1.8530991,672,,,,,
2,2,0.6714554,-1.7929575,2.2935858,673,,,,,
2,2,0.2494246,-2.1387794,2.1604192,674,,,,,
2,2,0.7001494,-2.2670906,1.849842,675,,,,,
2,2,0.525288,-2.0126247,2.026082,676,,,,,
2,2,0.22544542,-2.4464667,1.6145813,677,,,,,
2,2,0.76420414,-2.01542,1.739044,678,,,,,
2,2,0.29936397,-2.3443766,1.5891252,679,,,,,
2,2,0.23208404,-2.4192462,1.6889534,680,,,,,
2,2,0.23241735,-2.5471668,1.7354952,681,,,,,
2,2,0.37241995,-2.3184383,1.7768323,682,,,,,
2,2,0.34681335,-2.3649921,1.5216928,683,,,,,
2,2,0.21024597,-2.6628776,1.9939586,684,,,,,
2,2,0.62740785,-2.4604924,1.9384625,685,,,,,
2,2,0.16843578,-2.2326357,1.4797585,686,,,,,
2,2,0.077949524,-2.5848517,1.7274112,687,,,,,
2,2,0.2550946,-2.327833,1.2733356,688,,,,,
2,2,0.00696595,-2.3972278,1.8060725,689,,,,,
2,2,0.44817942,-2.5881867,1.8220234,690,,,,,
2,2,0.39822274,-2.5420277,1.7294832,691,,,,,
2,2,0.18893422,-2.4877963,1.8347088,692,,,,,
2,2,0.40186134,-2.3353739,1.7950157,693,,,,,
2,2,0.4194889,-2.3370543,1.9838426,694,,,,,
2,2,0.41736096,-2.1767845,1.8901229,695,,,,,
2,2,0.7828456,-2.333581,2.2521527,696,,,,,
2,2,0.34642774,-1.9084935,2.0313492,697,,,,,
2,2,0.13207965,-1.9707224,2.2548437,698,,,,,
2,2,-0.1557547,-2.068884,2.035241,699,,,,,
2,2,0.12651464,-1.9166876,1.7909902,700,,,,,
2,2,0.43123654,-2.021843,2.096066,701,,,,,
2,2,0.41691196,-2.0976872,1.911728,702,,,,,
2,2,0.58549523,-1.9048641,1.934285,703,,,,,
2,2,0.089760266,-2.1220233,2.013665,704,,,,,
2,2,-0.5083295,-2.1064677,1.4130383,705,,,,,
2,2,-0.07592855,-2.2569454,1.8005457,706,,,,,
2,2,0.65929234,-1.8938446,2.1826909,707,,,,,
2,2,0.13653198,-2.0946617,1.9964957,708,,,,,
2,2,0.52182466,-2.2173142,1.760217,709,,,,,
2,2,0.49985254,-2.0389593,1.9328141,710,,,,,
2,2,0.18907851,-2.5125976,1.5372441,711,,,,,
2,2,0.28842548,-1.9303613,1.5866153,712,,,,,
2,2,0.27947247,-2.3944733,1.5182369,713,,,,,
2,2,0.20004755,-2.6102977,1.5876353,714,,,,,
2,2,0.26822543,-2.6747808,1.6272227,715,,,,,
2,2,0.42701462,-2.5423055,1.7291207,716,,,,,
2,2,0.27242416,-2.4329605,1.4183408,717,,,,,
2,2,0.21931514,-2.6823773,1.8877287,718,,,,,
2,2,0.6008574,-2.468892,1.9152417,719,,,,,
2,2,0.056216627,-2.1741278,1.3898346,720,,,,,
2,2,0.047856916,-2.5329666,1.6902043,721,,,,,
2,2,0.10468837,-2.285634,0.9640994,722,,,,,
2,2,0.0287285,-2.480794,1.7139368,723,,,,,
2,2,0.36111414,-2.5731592,1.6278954,724,,,,,
2,2,0.36871803,-2.54092,1.5917331,725,,,,,
2,2,0.118452564,-2.3953805,1.7069013,726,,,,,
2,2,0.15860887,-2.4606156,1.6976054,727,,,,,
2,2,0.23548967,-2.4357114,1.8217188,728,,,,,
2,2,0.08675254,-2.3309658,1.7789073,729,,,,,
2,2,0.6636493,-2.295535,2.206897,730,,,,,
2,2,0.20791951,-2.19235,2.0054617,731,,,,,
2,2,0.17075014,-2.0784285,2.2116811,732,,,,,
2,2,-0.033814043,-2.0989103,1.9934672,733,,,,,
2,2,0.09457154,-1.9015131,1.7920171,734,,,,,
2,2,0.17911774,-2.125335,1.9865198,735,,,,,
2,2,0.43931776,-2.1653428,1.9772421,736,,,,,
2,2,0.5669459,-2.1064966,1.8024029,737,,,,,
2,2,-7.58E-05,-2.105147,1.931421,738,,,,,
2,2,-0.51533246,-2.040872,1.3812306,739,,,,,
2,2,-0.08041095,-2.1409593,1.8091592,740,,,,,
2,2,0.5225431,-1.9344563,2.1426492,741,,,,,
2,2,0.20018479,-2.1847544,1.9592276,742,,,,,
2,2,0.69393885,-2.302383,1.8207734,743,,,,,
2,2,0.4900491,-2.0788956,1.8482758,744,,,,,
2,2,0.17131743,-2.4065228,1.465175,745,,,,,
2,2,0.37499315,-2.0585237,1.5818417,746,,,,,
2,2,0.18100306,-2.3241649,1.480722,747,,,,,
2,2,0.17182864,-2.6821957,1.5754287,748,,,,,
2,2,0.2485688,-2.7866948,1.5650685,749,,,,,
2,2,0.40138024,-2.6933,1.5846465,750,,,,,
2,2,0.20437285,-2.5143664,1.4256177,751,,,,,
2,2,0.23807432,-2.8092773,1.8420331,752,,,,,
2,2,0.55438066,-2.4517577,1.8899395,753,,,,,
2,2,-0.12703641,-2.2140803,1.473785,754,,,,,
2,2,-0.06924667,-2.595202,1.6935796,755,,,,,
2,2,0.3365746,-2.5325022,1.3186545,756,,,,,
2,2,0.039691895,-2.5234914,1.7622974,757,,,,,
2,2,0.25177526,-2.6220007,1.7834265,758,,,,,
2,2,0.4084248,-2.5291193,1.6911919,759,,,,,
2,2,0.06482481,-2.3957627,1.8573074,760,,,,,
2,2,-0.072574764,-2.3042336,1.6504178,761,,,,,
2,2,0.2997843,-2.2834702,1.8195301,762,,,,,
2,2,0.394489,-2.2330348,1.7773737,763,,,,,
2,2,0.6181814,-2.2594206,2.194963,764,,,,,
2,2,0.36000186,-2.0068645,1.9643619,765,,,,,
2,2,0.21803303,-2.0999649,2.1307745,766,,,,,
2,2,0.02494222,-2.1147885,1.9337876,767,,,,,
2,2,0.22535828,-1.8402466,1.8812617,768,,,,,
2,2,0.38558155,-2.129125,1.9558569,769,,,,,
2,2,0.5478262,-2.0466743,1.9369637,770,,,,,
2,2,0.6455163,-2.0437193,1.7594092,771,,,,,
2,2,0.04385826,-2.1318877,1.9943765,772,,,,,
2,2,-0.27658743,-1.9859291,1.4335134,773,,,,,
2,2,-0.090586394,-2.0564573,1.7760748,774,,,,,
2,2,0.4928854,-1.8790286,2.0338297,775,,,,,
2,2,0.2751104,-2.1799808,1.9464487,776,,,,,
2,2,0.6934464,-2.2978127,1.787406,777,,,,,
2,2,0.4560242,-2.0837383,1.7760056,778,,,,,
2,2,0.18577915,-2.4457555,1.4272907,779,,,,,
2,2,0.3979829,-2.0881732,1.5522368,780,,,,,
2,2,0.17899594,-2.3856702,1.488637,781,,,,,
2,2,-0.25583208,-2.2924557,1.3455831,782,,,,,
2,2,-0.16052768,-2.361164,1.3433504,783,,,,,
2,2,-0.036108784,-2.392353,1.3585609,784,,,,,
2,2,-0.33006662,-2.1457994,1.2145824,785,,,,,
2,2,-0.073630966,-2.52135,1.6480641,786,,,,,
2,2,0.11759226,-2.187628,1.71492,787,,,,,
2,2,-0.19090739,-2.1620302,1.3240594,788,,,,,
2,2,-0.21593106,-2.4915984,1.5274808,789,,,,,
2,2,0.123411864,-2.5221176,1.2793496,790,,,,,
2,2,0.006095689,-2.4315765,1.5880103,791,,,,,
2,2,-0.1942516,-2.292849,1.5481488,792,,,,,
2,2,0.2906574,-2.24781,1.5769973,793,,,,,
2,2,-0.018310964,-2.3407693,1.7961605,794,,,,,
2,2,0.14444786,-2.285972,1.6337703,795,,,,,
2,2,0.16880466,-2.153552,1.7986801,796,,,,,
2,2,0.3567922,-2.1805964,1.7123044,797,,,,,
2,2,0.5156274,-2.1945648,2.1166773,798,,,,,
2,2,0.39775556,-1.9458605,1.8900284,799,,,,,
2,2,0.29025447,-2.1844568,2.099105,800,,,,,
2,2,0.021222755,-1.9985385,1.8042448,801,,,,,
2,2,0.18763268,-1.8518006,1.86354,802,,,,,
2,2,0.32707596,-2.0542989,1.9657354,803,,,,,
2,2,0.50422204,-2.0026765,1.9521834,804,,,,,
2,2,0.45630592,-1.9796306,1.6921401,805,,,,,
2,2,-0.022600144,-2.0717416,1.962854,806,,,,,
2,2,-0.3931399,-1.9185182,1.4490339,807,,,,,
2,2,-0.1478766,-2.1156697,1.6426361,808,,,,,
2,2,0.36135727,-1.829885,2.0531993,809,,,,,
2,2,0.2990356,-2.190761,1.9650583,810,,,,,
2,2,0.47228408,-2.237894,1.7934248,811,,,,,
2,2,0.5686555,-2.0838988,1.8496213,812,,,,,
2,2,0.18447697,-2.4587278,1.4434189,813,,,,,
2,2,0.6434464,-2.2024033,1.6740065,814,,,,,
2,2,0.10439107,-2.3266332,1.4271253,815,,,,,
2,2,0.3033892,-2.8151433,1.1442549,816,,,,,
2,2,0.44671267,-2.4145174,1.1337872,817,,,,,
2,2,0.15609807,-2.4556394,0.9079903,818,,,,,
2,2,0.038725145,-2.590207,1.1670647,819,,,,,
2,2,0.44270408,-2.300723,1.4167485,820,,,,,
2,2,0.034501664,-2.343127,1.0317718,821,,,,,
2,2,-0.016085625,-2.6515877,1.1645043,822,,,,,
2,2,0.18904999,-2.571005,1.0160234,823,,,,,
2,2,0.16256528,-2.6970139,1.5355158,824,,,,,
2,2,0.27507347,-2.6782212,1.4292471,825,,,,,
2,2,0.4946285,-2.4618976,1.4272332,826,,,,,
2,2,0.105161496,-2.55346,1.5783383,827,,,,,
2,2,0.25135306,-2.4700742,1.575298,828,,,,,
2,2,0.34485292,-2.365291,1.6360651,829,,,,,
2,2,0.24869798,-2.3123484,1.6178939,830,,,,,
2,2,0.5058732,-2.292448,1.987,831,,,,,
2,2,0.45886183,-2.0082672,1.8032407,832,,,,,
2,2,0.24206327,-2.2214577,1.9348166,833,,,,,
2,2,0.13679689,-2.0158343,1.7363447,834,,,,,
2,2,0.17807789,-1.9188017,1.7933366,835,,,,,
2,2,0.24982351,-2.1228666,1.9054509,836,,,,,
2,2,0.39292938,-2.0691571,1.8640509,837,,,,,
2,2,0.5575533,-2.1003814,1.5668789,838,,,,,
2,2,0.054043896,-2.21076,1.8831999,839,,,,,
2,2,-0.33992448,-2.0755217,1.3188937,840,,,,,
2,2,0.003905468,-2.2892394,1.5231895,841,,,,,
2,2,0.20867485,-1.9269011,1.9398166,842,,,,,
2,2,0.23500794,-2.256793,1.7796168,843,,,,,
2,2,0.5780283,-2.3109784,1.6999264,844,,,,,
2,2,0.5515927,-2.1771917,1.7934366,845,,,,,
2,2,0.18456806,-2.5401683,1.2566915,846,,,,,
2,2,0.7571136,-2.3137066,1.63844,847,,,,,
2,2,0.24161944,-2.483581,1.3362509,848,,,,,
2,2,0.49619856,-2.5282793,1.2748613,849,,,,,
2,2,-0.025872692,-2.606577,1.137697,850,,,,,
2,2,0.1480681,-2.3423853,1.1342297,851,,,,,
2,2,-0.19141546,-2.3149583,0.8152817,852,,,,,
2,2,-0.2730933,-2.343789,1.0737468,853,,,,,
2,2,0.15675896,-2.2141924,1.3519361,854,,,,,
2,2,-0.21231444,-2.1040132,0.9600742,855,,,,,
2,2,-0.17378649,-2.4484441,1.0731965,856,,,,,
2,2,-0.15677503,-2.3979244,1.0024586,857,,,,,
2,2,0.012074243,-2.5510483,1.3939177,858,,,,,
2,2,0.049777515,-2.539369,1.3248954,859,,,,,
2,2,0.2968377,-2.381457,1.3439624,860,,,,,
2,2,-0.07535522,-2.357735,1.4332345,861,,,,,
2,2,-0.028231557,-2.3797314,1.5780095,862,,,,,
2,2,0.21903774,-2.2668877,1.6095647,863,,,,,
2,2,0.22055387,-2.189018,1.5874155,864,,,,,
2,2,0.3724379,-2.1598866,1.9169494,865,,,,,
2,2,0.35015428,-1.9373827,1.7315367,866,,,,,
2,2,0.08152734,-2.0887117,1.9034632,867,,,,,
2,2,0.37713754,-2.1086638,1.7948458,868,,,,,
2,2,0.097486585,-1.9149057,1.7272081,869,,,,,
2,2,0.3195735,-2.0833414,1.8175128,870,,,,,
2,2,0.57371926,-2.0830019,1.890612,871,,,,,
2,2,0.5920995,-2.1031992,1.4649625,872,,,,,
2,2,8.42E-05,-2.111417,1.9464172,873,,,,,
2,2,-0.31456953,-2.0722728,1.2862201,874,,,,,
2,2,0.04485693,-2.1879592,1.3673916,875,,,,,
2,2,0.4220608,-2.0051894,1.9356841,876,,,,,
2,2,0.25584102,-2.222732,1.7153085,877,,,,,
2,2,0.4931063,-2.3702693,1.5983489,878,,,,,
2,2,0.6171516,-2.0578825,1.6315408,879,,,,,
2,2,0.037016064,-2.4236453,1.256748,880,,,,,
2,2,0.60972977,-2.3429346,1.5511822,881,,,,,
2,2,0.21150185,-2.4176574,1.2661269,882,,,,,
2,2,0.55624366,-2.4476352,1.1528549,883,,,,,
2,2,0.03058745,-2.5496347,1.1363683,884,,,,,
2,2,0.18677837,-2.3963764,1.0733502,885,,,,,
2,2,-0.17357829,-2.4599476,0.829563,886,,,,,
2,2,-0.13865279,-2.5427403,1.088726,887,,,,,
2,2,0.21393913,-2.2289069,1.3398296,888,,,,,
2,2,-0.16330494,-2.2415986,0.95664406,889,,,,,
2,2,-0.100995466,-2.5700455,0.9926661,890,,,,,
2,2,-0.1913703,-2.2840092,0.9881425,891,,,,,
2,2,0.16784866,-2.7231586,1.3862383,892,,,,,
2,2,0.19782016,-2.691124,1.3284303,893,,,,,
2,2,0.39767882,-2.3978345,1.2376533,894,,,,,
2,2,-0.05540389,-2.4177647,1.3573785,895,,,,,
2,2,-0.02652395,-2.2119846,1.5288666,896,,,,,
2,2,0.28758347,-2.2909675,1.5635661,897,,,,,
2,2,0.22243463,-2.1643815,1.5608549,898,,,,,
2,2,0.40527114,-2.1265786,1.8681052,899,,,,,
2,2,0.38845444,-1.9350352,1.7742435,900,,,,,
2,2,0.09305507,-2.0605483,1.8235679,901,,,,,
2,2,0.33079633,-2.0363817,1.6654232,902,,,,,
2,2,0.05836961,-2.0115461,1.6524906,903,,,,,
2,2,0.27952212,-2.0468283,1.706831,904,,,,,
2,2,0.44093168,-2.0224516,1.8039827,905,,,,,
2,2,0.5422207,-2.162512,1.4469798,906,,,,,
2,2,-0.015788525,-2.1120546,1.8350563,907,,,,,
2,2,-0.3908311,-2.0430086,1.2485279,908,,,,,
2,2,-0.022657163,-2.235291,1.2956754,909,,,,,
2,2,0.42678505,-2.101107,1.9444747,910,,,,,
2,2,0.22841164,-2.2831016,1.6770645,911,,,,,
2,2,0.6659191,-2.4265218,1.5129423,912,,,,,
2,2,0.6730573,-2.1288018,1.4910755,913,,,,,
2,2,0.08297796,-2.416149,1.2865723,914,,,,,
2,2,0.7502112,-2.3249226,1.4979621,915,,,,,
2,2,0.39113778,-2.5175633,1.2961003,916,,,,,
2,2,0.60441256,-2.4547832,1.0726076,917,,,,,
3,3,-4.199568,2.0624816,-2.039507,918,,,,,
3,3,-4.0416703,1.8278391,-2.217661,919,,,,,
3,3,-4.458745,1.9478704,-1.9091156,920,,,,,
3,3,-4.3169885,2.111372,-2.134655,921,,,,,
3,3,-4.4188223,2.1383047,-2.1520772,922,,,,,
3,3,-4.2486897,1.980435,-2.0073192,923,,,,,
3,3,-4.5205526,2.2591312,-2.0638926,924,,,,,
3,3,-4.0486927,2.3841453,-1.6907804,925,,,,,
3,3,-4.158257,2.5303102,-1.5382447,926,,,,,
3,3,-4.2105956,2.171608,-1.8640151,927,,,,,
3,3,-4.13006,3.05415,-1.9653689,928,,,,,
3,3,-3.3677945,3.0678463,-1.6926142,929,,,,,
3,3,-3.8628879,2.848257,-1.4185524,930,,,,,
3,3,-4.274555,2.8551264,-1.5844574,931,,,,,
3,3,-4.1544847,2.7108765,-1.3265405,932,,,,,
3,3,-4.068304,2.5910552,-1.455463,933,,,,,
3,3,-4.4105434,2.8207037,-1.6569378,934,,,,,
3,3,-4.2111206,2.754088,-1.5122447,935,,,,,
3,3,-4.518017,2.7298036,-1.5274023,936,,,,,
3,3,-4.3488045,2.832721,-1.3570265,937,,,,,
3,3,-3.9113374,2.6467657,-1.1982847,938,,,,,
3,3,-4.3207197,3.2679994,-1.2154056,939,,,,,
3,3,-4.430562,3.2377439,-1.3772895,940,,,,,
3,3,-4.407725,2.8582993,-0.9472132,941,,,,,
3,3,-4.172696,2.7948077,-1.0261192,942,,,,,
3,3,-4.479474,3.146996,-1.1152284,943,,,,,
3,3,-4.010379,3.2777274,-0.97044414,944,,,,,
3,3,-4.1881967,3.3816698,-1.1120205,945,,,,,
3,3,-3.8481152,3.027694,-0.61124015,946,,,,,
3,3,-3.9518929,3.2290392,-0.6386659,947,,,,,
3,3,-3.8279514,3.040718,-0.7044344,948,,,,,
3,3,-3.6350782,3.1887438,-0.82269967,949,,,,,
3,3,-4.0938993,3.1266775,-0.40131187,950,,,,,
3,3,-3.9607368,3.3045855,-0.56528556,951,,,,,
3,3,-4.516138,2.209177,-2.1701128,952,,,,,
3,3,-4.272066,1.8940358,-2.3524418,953,,,,,
3,3,-4.6268287,2.0361705,-2.0833662,954,,,,,
3,3,-4.4407444,2.2307568,-2.1979432,955,,,,,
3,3,-4.474622,2.118936,-2.1109972,956,,,,,
3,3,-4.469095,2.0998256,-2.266225,957,,,,,
3,3,-4.4905443,2.2213283,-1.9740777,958,,,,,
3,3,-4.1858993,2.4636934,-1.7575097,959,,,,,
3,3,-4.1373806,2.4898992,-1.440752,960,,,,,
3,3,-4.336172,2.188795,-1.9982346,961,,,,,
3,3,-4.249828,3.0826917,-1.9932274,962,,,,,
3,3,-3.5275528,3.0781803,-1.7577188,963,,,,,
3,3,-4.1993628,3.092594,-1.5915768,964,,,,,
3,3,-4.3758435,2.816411,-1.5929854,965,,,,,
3,3,-4.2177267,2.750693,-1.3225322,966,,,,,
3,3,-4.2228904,2.842084,-1.648524,967,,,,,
3,3,-4.4486613,2.7998772,-1.6725141,968,,,,,
3,3,-4.386118,2.7694473,-1.58125,969,,,,,
3,3,-4.5034356,2.8236723,-1.4051841,970,,,,,
3,3,-4.477607,2.9494505,-1.3920043,971,,,,,
3,3,-4.000906,2.6379817,-1.1687547,972,,,,,
3,3,-4.2447243,3.2853355,-1.1805634,973,,,,,
3,3,-4.455471,3.2208548,-1.277653,974,,,,,
3,3,-4.7871494,3.3016276,-1.1628895,975,,,,,
3,3,-4.2566385,2.928028,-0.90389663,976,,,,,
3,3,-4.5016217,3.2391267,-1.0744205,977,,,,,
3,3,-4.178183,3.5262609,-0.9933423,978,,,,,
3,3,-4.3238587,3.5269322,-1.131042,979,,,,,
3,3,-3.936211,3.129666,-0.6244209,980,,,,,
3,3,-4.0770845,3.3141625,-0.6918617,981,,,,,
3,3,-4.0401154,3.2629344,-0.7028836,982,,,,,
3,3,-3.7910137,3.1352978,-0.90308404,983,,,,,
3,3,-4.197673,3.0585938,-0.49037892,984,,,,,
3,3,-4.154092,3.1889873,-0.6355535,985,,,,,
3,3,-4.2937045,2.1416895,-1.9787738,986,,,,,
3,3,-4.2440658,2.0018466,-2.3001406,987,,,,,
3,3,-4.4896874,2.0610304,-1.8728926,988,,,,,
3,3,-4.412962,2.3350828,-2.219985,989,,,,,
3,3,-4.3562026,2.1218438,-2.0432255,990,,,,,
3,3,-4.3412704,2.0247252,-2.092509,991,,,,,
3,3,-4.6217175,2.3581948,-2.1269462,992,,,,,
3,3,-4.239932,2.5492773,-1.771731,993,,,,,
3,3,-4.187296,2.645807,-1.623812,994,,,,,
3,3,-4.3562717,2.2882438,-2.0481076,995,,,,,
3,3,-4.282692,3.140949,-1.9571033,996,,,,,
3,3,-3.647801,3.337164,-1.802382,997,,,,,
3,3,-4.159463,3.1087375,-1.5607655,998,,,,,
3,3,-4.52967,3.0062618,-1.7397612,999,,,,,
3,3,-4.387553,2.904157,-1.370668,1000,,,,,
3,3,-4.311863,2.8905668,-1.6043973,1001,,,,,
3,3,-4.4763336,3.0100715,-1.5466242,1002,,,,,
3,3,-4.4150295,2.8905048,-1.645389,1003,,,,,
3,3,-4.6099453,2.9103608,-1.3901379,1004,,,,,
3,3,-4.3520594,2.9349432,-1.2307093,1005,,,,,
3,3,-4.1955357,2.7925081,-1.2317802,1006,,,,,
3,3,-4.1088037,3.2134755,-1.1419688,1007,,,,,
3,3,-4.484127,3.334112,-1.2372994,1008,,,,,
3,3,-4.526079,3.2207618,-0.95998335,1009,,,,,
3,3,-4.3767614,3.1175096,-0.9798956,1010,,,,,
3,3,-4.4827504,3.2702055,-1.0148681,1011,,,,,
3,3,-4.083183,3.4881043,-0.85896885,1012,,,,,
3,3,-4.230034,3.4210315,-1.0291903,1013,,,,,
3,3,-3.9554417,3.1504507,-0.59639984,1014,,,,,
3,3,-4.097229,3.2717924,-0.6979567,1015,,,,,
3,3,-4.107277,3.427889,-0.6751866,1016,,,,,
3,3,-3.922728,3.3366017,-0.99821705,1017,,,,,
3,3,-4.2772713,2.9826517,-0.51278245,1018,,,,,
3,3,-4.1856327,3.1955621,-0.6440911,1019,,,,,
3,3,-4.2275534,2.2148802,-2.0387414,1020,,,,,
3,3,-4.081403,2.0367472,-2.3874612,1021,,,,,
3,3,-4.355866,2.2310977,-1.8495913,1022,,,,,
3,3,-4.3478966,2.3343182,-2.2010283,1023,,,,,
3,3,-4.309822,2.1874838,-2.1513188,1024,,,,,
3,3,-4.2664323,2.11025,-2.0552154,1025,,,,,
3,3,-4.50815,2.3545773,-1.9802427,1026,,,,,
3,3,-4.227847,2.593099,-1.7686954,1027,,,,,
3,3,-4.142295,2.6557877,-1.5350384,1028,,,,,
3,3,-4.27966,2.3717523,-1.9913832,1029,,,,,
3,3,-4.1215925,3.0699415,-1.9074199,1030,,,,,
3,3,-3.4950378,3.3853223,-1.7605569,1031,,,,,
3,3,-4.1056585,3.0630846,-1.5036242,1032,,,,,
3,3,-4.4302487,3.0797668,-1.6620607,1033,,,,,
3,3,-4.3287067,2.8892388,-1.320534,1034,,,,,
3,3,-4.362946,2.9855368,-1.6708814,1035,,,,,
3,3,-4.352982,2.969726,-1.3837514,1036,,,,,
3,3,-4.2023335,2.7508886,-1.5597553,1037,,,,,
3,3,-4.5720563,2.9545126,-1.3881241,1038,,,,,
3,3,-4.3474255,2.9956918,-1.3954723,1039,,,,,
3,3,-4.138919,2.7262194,-1.1959536,1040,,,,,
3,3,-4.089312,3.1669438,-1.1385059,1041,,,,,
3,3,-4.4247,3.3703938,-1.1646638,1042,,,,,
3,3,-4.394354,3.2246573,-1.0018759,1043,,,,,
3,3,-4.422182,3.0462732,-0.9928835,1044,,,,,
3,3,-4.411066,3.238773,-0.93249273,1045,,,,,
3,3,-4.0985355,3.5541296,-0.9993276,1046,,,,,
3,3,-4.2274604,3.405086,-1.137864,1047,,,,,
3,3,-4.110958,3.3132405,-0.69360775,1048,,,,,
3,3,-4.194544,3.38883,-0.7210536,1049,,,,,
3,3,-4.19203,3.564889,-0.78087145,1050,,,,,
3,3,-3.8892648,3.283436,-0.9054938,1051,,,,,
3,3,-4.4805994,3.1219451,-0.5839014,1052,,,,,
3,3,-4.166507,3.2444434,-0.6273927,1053,,,,,
3,3,-4.171048,2.166224,-1.9403162,1054,,,,,
3,3,-3.921909,2.0451179,-2.1070783,1055,,,,,
3,3,-4.2526813,2.236659,-1.5714505,1056,,,,,
3,3,-4.386517,2.4048667,-2.1897554,1057,,,,,
3,3,-4.3006954,2.2165997,-2.0049126,1058,,,,,
3,3,-4.2332745,2.0706928,-1.8285629,1059,,,,,
3,3,-4.5358877,2.470881,-1.9990792,1060,,,,,
3,3,-4.2625437,2.7877908,-1.7511585,1061,,,,,
3,3,-4.3319325,2.79669,-1.6193619,1062,,,,,
3,3,-4.265754,2.4295478,-1.9390502,1063,,,,,
3,3,-4.186009,3.1945448,-1.808522,1064,,,,,
3,3,-3.4957628,3.3571904,-1.588331,1065,,,,,
3,3,-4.13155,3.219922,-1.4784334,1066,,,,,
3,3,-4.390189,3.176303,-1.5742902,1067,,,,,
3,3,-4.175338,2.8250303,-1.1584003,1068,,,,,
3,3,-4.3346086,3.0497909,-1.5705221,1069,,,,,
3,3,-4.3132715,2.9783707,-1.3335257,1070,,,,,
3,3,-4.2531104,2.7936752,-1.5057856,1071,,,,,
3,3,-4.5749583,2.9880557,-1.3693111,1072,,,,,
3,3,-4.3882046,2.9917722,-1.3314042,1073,,,,,
3,3,-4.0558143,2.5531838,-0.9872661,1074,,,,,
3,3,-4.1188083,3.1263099,-1.1075882,1075,,,,,
3,3,-4.4371133,3.3763113,-1.1305354,1076,,,,,
3,3,-4.2711067,3.0910249,-0.85878944,1077,,,,,
3,3,-4.421546,2.9672976,-0.9009428,1078,,,,,
3,3,-4.422026,3.2300007,-0.9579654,1079,,,,,
3,3,-4.0532484,3.4609365,-0.93891776,1080,,,,,
3,3,-4.0849113,3.3366005,-1.0755856,1081,,,,,
3,3,-4.106092,3.3314767,-0.6361389,1082,,,,,
3,3,-4.198202,3.3708615,-0.7155173,1083,,,,,
3,3,-4.039406,3.4517975,-0.77995926,1084,,,,,
3,3,-3.876666,3.3825307,-0.8953341,1085,,,,,
3,3,-4.392024,3.0711482,-0.58460927,1086,,,,,
3,3,-4.164754,3.2634802,-0.6195005,1087,,,,,
3,3,-4.1888638,2.2277095,-2.043324,1088,,,,,
3,3,-3.999196,2.0324974,-2.3178792,1089,,,,,
3,3,-4.4201255,2.396923,-1.908024,1090,,,,,
3,3,-4.3412695,2.464397,-2.1156583,1091,,,,,
3,3,-4.343011,2.35153,-2.1707673,1092,,,,,
3,3,-4.3818035,2.2027104,-2.0427778,1093,,,,,
3,3,-4.518764,2.4185064,-1.937482,1094,,,,,
3,3,-4.298399,2.9686565,-1.7915885,1095,,,,,
3,3,-4.176255,2.8638556,-1.5169673,1096,,,,,
3,3,-4.2639747,2.5687714,-2.0161119,1097,,,,,
3,3,-4.1123533,3.4330752,-1.8011416,1098,,,,,
3,3,-3.4827685,3.5231543,-1.6327274,1099,,,,,
3,3,-4.18591,3.4573832,-1.5906041,1100,,,,,
3,3,-4.3461523,3.2338953,-1.6076913,1101,,,,,
3,3,-3.9797416,2.7426105,-1.0010422,1102,,,,,
3,3,-4.232852,3.0634012,-1.4342399,1103,,,,,
3,3,-4.3232517,3.024002,-1.3383191,1104,,,,,
3,3,-4.206764,2.7994833,-1.4650345,1105,,,,,
3,3,-4.4538984,3.0116372,-1.2857333,1106,,,,,
3,3,-4.393318,3.0580952,-1.2768624,1107,,,,,
3,3,-4.171648,2.7535567,-1.1657257,1108,,,,,
3,3,-4.164546,3.2044377,-1.1130284,1109,,,,,
3,3,-4.3286667,3.3255095,-1.0857639,1110,,,,,
3,3,-4.381814,3.2910638,-0.9778544,1111,,,,,
3,3,-4.405155,3.1054788,-1.0108151,1112,,,,,
3,3,-4.3653355,3.2609172,-0.9355942,1113,,,,,
3,3,-4.185847,3.6198683,-0.9312614,1114,,,,,
3,3,-4.182738,3.4973216,-1.1088513,1115,,,,,
3,3,-4.1880636,3.416718,-0.7147933,1116,,,,,
3,3,-4.2079325,3.3989086,-0.7534474,1117,,,,,
3,3,-4.1195955,3.4981918,-0.76281697,1118,,,,,
3,3,-3.9297485,3.3882432,-0.9132513,1119,,,,,
3,3,-4.439065,3.0496886,-0.5935644,1120,,,,,
3,3,-4.149251,3.2370257,-0.5514624,1121,,,,,
3,3,-4.0956554,2.2638106,-2.1121197,1122,,,,,
3,3,-4.045752,2.0648425,-2.2899647,1123,,,,,
3,3,-4.2749906,2.2732074,-1.839195,1124,,,,,
3,3,-4.23258,2.420831,-2.2322538,1125,,,,,
3,3,-4.2502213,2.1945274,-2.0917788,1126,,,,,
3,3,-4.2938557,2.0662663,-1.9893502,1127,,,,,
3,3,-4.3924756,2.3414602,-2.001048,1128,,,,,
3,3,-4.1810904,2.828919,-1.644151,1129,,,,,
3,3,-4.0658865,2.7749896,-1.4642229,1130,,,,,
3,3,-4.206884,2.4753056,-1.9801689,1131,,,,,
3,3,-4.0355425,3.3708253,-1.7584367,1132,,,,,
3,3,-3.3878767,3.4026933,-1.4613314,1133,,,,,
3,3,-4.1453347,3.3645186,-1.5217483,1134,,,,,
3,3,-4.255352,3.2194686,-1.6098046,1135,,,,,
3,3,-4.0932074,2.9916396,-1.1696749,1136,,,,,
3,3,-4.2608624,3.0675611,-1.4353144,1137,,,,,
3,3,-4.28764,3.0641212,-1.2465522,1138,,,,,
3,3,-4.235335,2.8869658,-1.5321691,1139,,,,,
3,3,-4.4074106,3.153759,-1.2320788,1140,,,,,
3,3,-4.396781,3.0501325,-1.2942228,1141,,,,,
3,3,-4.096958,2.6734765,-1.103323,1142,,,,,
3,3,-4.1082325,3.1590314,-1.122447,1143,,,,,
3,3,-4.4188666,3.3800578,-1.0507575,1144,,,,,
3,3,-4.372305,3.2868328,-0.91951996,1145,,,,,
3,3,-4.321987,3.119123,-1.0762779,1146,,,,,
3,3,-4.396075,3.364964,-0.96652967,1147,,,,,
3,3,-3.9797065,3.3916643,-0.80693156,1148,,,,,
3,3,-4.1509876,3.4213014,-1.0762104,1149,,,,,
3,3,-4.0939794,3.3738708,-0.71954775,1150,,,,,
3,3,-4.1290045,3.4721155,-0.74606943,1151,,,,,
3,3,-4.115969,3.493533,-0.73179615,1152,,,,,
3,3,-3.8827,3.4914753,-0.93193096,1153,,,,,
3,3,-4.388722,3.006415,-0.6207447,1154,,,,,
3,3,-4.116049,3.1731756,-0.58127975,1155,,,,,
3,3,-3.94728,2.1479616,-1.9234345,1156,,,,,
3,3,-4.184409,2.2348552,-2.380033,1157,,,,,
3,3,-4.1554155,2.3341818,-1.9275954,1158,,,,,
3,3,-4.138441,2.420117,-2.150861,1159,,,,,
3,3,-4.2440705,2.279801,-2.168416,1160,,,,,
3,3,-4.475453,2.1818142,-2.0408816,1161,,,,,
3,3,-4.4620466,2.4380355,-1.9788332,1162,,,,,
3,3,-4.1918674,2.8437161,-1.7955047,1163,,,,,
3,3,-4.142744,2.8446207,-1.6355301,1164,,,,,
3,3,-4.3669386,2.6364567,-1.9890159,1165,,,,,
3,3,-4.197826,3.4334962,-1.8016787,1166,,,,,
3,3,-3.32431,3.3224525,-1.444917,1167,,,,,
3,3,-4.1183605,3.3943458,-1.6077313,1168,,,,,
3,3,-4.2322574,3.2819636,-1.6137159,1169,,,,,
3,3,-4.127722,3.0710843,-1.1379993,1170,,,,,
3,3,-4.26091,3.1755238,-1.4212519,1171,,,,,
3,3,-4.357554,3.095997,-1.2728801,1172,,,,,
3,3,-4.321927,3.0127556,-1.5540612,1173,,,,,
3,3,-4.5308027,3.223409,-1.1901948,1174,,,,,
3,3,-4.4726305,3.1891446,-1.2759117,1175,,,,,
3,3,-4.2647657,2.7315147,-1.2284164,1176,,,,,
3,3,-4.237157,3.1697602,-1.102965,1177,,,,,
3,3,-4.480995,3.4708796,-0.9798399,1178,,,,,
3,3,-4.465107,3.2300258,-0.901369,1179,,,,,
3,3,-4.2931533,3.0415306,-0.9748779,1180,,,,,
3,3,-4.3675156,3.3443403,-0.92329717,1181,,,,,
3,3,-4.156117,3.4441643,-0.7946212,1182,,,,,
3,3,-4.0649166,3.4355092,-1.0206603,1183,,,,,
3,3,-4.1258063,3.3973405,-0.67987955,1184,,,,,
3,3,-4.178945,3.439825,-0.7420137,1185,,,,,
3,3,-4.2425404,3.5698183,-0.6955447,1186,,,,,
3,3,-3.7044005,3.4607987,-0.83969295,1187,,,,,
3,3,-4.43653,3.1328363,-0.6788205,1188,,,,,
3,3,-4.156625,3.3513045,-0.58802074,1189,,,,,
3,3,-3.8513644,2.2317333,-1.8971288,1190,,,,,
3,3,-4.1120005,2.2924285,-2.3058858,1191,,,,,
3,3,-3.8524141,2.1640527,-1.7257279,1192,,,,,
3,3,-3.9879222,2.3801105,-2.11249,1193,,,,,
3,3,-4.194372,2.301251,-2.0804765,1194,,,,,
3,3,-4.3094344,2.162262,-1.8918946,1195,,,,,
3,3,-4.4285617,2.5058732,-2.006862,1196,,,,,
3,3,-3.9906008,2.6777036,-1.5486187,1197,,,,,
3,3,-3.974068,2.9241142,-1.4397526,1198,,,,,
3,3,-4.1881647,2.6931543,-1.8776556,1199,,,,,
3,3,-4.003023,3.3465514,-1.6570494,1200,,,,,
3,3,-3.1748862,3.2240813,-1.3288378,1201,,,,,
3,3,-4.0008154,3.3616438,-1.4334146,1202,,,,,
3,3,-4.1547613,3.2407098,-1.3798529,1203,,,,,
3,3,-3.9223561,2.886267,-0.8660983,1204,,,,,
3,3,-4.134936,3.1534104,-1.2739794,1205,,,,,
3,3,-4.3115153,3.1328917,-1.2860255,1206,,,,,
3,3,-4.157323,3.1579185,-1.307112,1207,,,,,
3,3,-4.447549,3.1767373,-0.93830365,1208,,,,,
3,3,-4.300191,3.2136197,-1.0993493,1209,,,,,
3,3,-4.2262435,2.7420707,-1.1847717,1210,,,,,
3,3,-4.2414246,3.206387,-1.0637445,1211,,,,,
3,3,-4.228277,3.3747606,-0.77758825,1212,,,,,
3,3,-4.3037195,3.1505413,-0.83475316,1213,,,,,
3,3,-4.2206388,2.9504948,-0.9526899,1214,,,,,
3,3,-4.1648703,3.2693462,-0.8517638,1215,,,,,
3,3,-4.037347,3.5377955,-0.7069926,1216,,,,,
3,3,-3.9111395,3.2703493,-0.95914125,1217,,,,,
3,3,-4.1074877,3.371818,-0.6553459,1218,,,,,
3,3,-4.006831,3.3205898,-0.7356409,1219,,,,,
3,3,-4.129961,3.537142,-0.63004637,1220,,,,,
3,3,-3.556897,3.3828735,-0.72627366,1221,,,,,
3,3,-4.253564,3.099183,-0.58389044,1222,,,,,
3,3,-4.0155325,3.1654143,-0.43703443,1223,,,,,
4,4,1.0666367,2.1485608,1.065853,1224,,,,,
4,4,1.2362112,2.4969554,0.7013267,1225,,,,,
4,4,1.588829,2.190504,1.0912998,1226,,,,,
4,4,1.0459266,2.2337453,0.87939227,1227,,,,,
4,4,1.5958784,2.4464853,1.0337332,1228,,,,,
4,4,1.4731176,2.2650166,1.1953671,1229,,,,,
4,4,1.6627274,2.598466,1.148236,1230,,,,,
4,4,1.3607394,2.7174385,1.3103591,1231,,,,,
4,4,1.5048071,2.7565405,1.0983486,1232,,,,,
4,4,1.2254474,2.7966714,1.1597328,1233,,,,,
4,4,1.5630859,2.8605838,1.3245842,1234,,,,,
4,4,1.5165873,2.8082752,1.3564142,1235,,,,,
4,4,1.8767402,2.9792666,1.0360544,1236,,,,,
4,4,1.5338255,2.522728,1.5441059,1237,,,,,
4,4,1.707506,2.9953303,1.2899332,1238,,,,,
4,4,1.638125,2.488287,1.2687,1239,,,,,
4,4,1.6947954,2.4097795,1.2930535,1240,,,,,
4,4,1.4532235,2.3633442,1.4580281,1241,,,,,
4,4,1.6381662,1.9671124,1.3700502,1242,,,,,
4,4,1.7115924,2.3549402,1.4506115,1243,,,,,
4,4,1.6120338,2.5543575,1.458113,1244,,,,,
4,4,1.822156,2.4155536,1.3378952,1245,,,,,
4,4,1.8544612,2.2046707,1.4766259,1246,,,,,
4,4,1.5417128,2.5399513,1.5960326,1247,,,,,
4,4,1.774796,2.2767572,1.2354615,1248,,,,,
4,4,1.7674788,2.045204,1.4300694,1249,,,,,
4,4,1.6931324,2.2158337,1.6544151,1250,,,,,
4,4,1.6617126,2.1112208,1.4817712,1251,,,,,
4,4,1.8011955,2.2186282,1.5147271,1252,,,,,
4,4,2.1601372,1.6984313,1.4096742,1253,,,,,
4,4,1.8418567,1.7673631,1.393916,1254,,,,,
4,4,1.8181441,1.3443027,1.1405003,1255,,,,,
4,4,2.1389437,2.0762959,1.3819823,1256,,,,,
4,4,1.7879328,1.7000518,1.1791694,1257,,,,,
4,4,1.0240544,2.0128963,0.99933124,1258,,,,,
4,4,1.1896515,2.2373474,0.60323215,1259,,,,,
4,4,1.379639,2.1756356,1.0660903,1260,,,,,
4,4,0.83746433,1.8829019,0.75434804,1261,,,,,
4,4,1.497879,2.2864802,1.0018551,1262,,,,,
4,4,1.4367638,2.2014768,1.1973825,1263,,,,,
4,4,1.524936,2.561944,1.1016712,1264,,,,,
4,4,1.2848332,2.6417367,1.2742319,1265,,,,,
4,4,1.3345522,2.678264,1.0892401,1266,,,,,
4,4,1.1797973,2.754928,1.1091344,1267,,,,,
4,4,1.4734507,2.794636,1.243481,1268,,,,,
4,4,1.4951239,2.7522385,1.3476105,1269,,,,,
4,4,1.799417,2.9046278,1.0585482,1270,,,,,
4,4,1.2814677,2.4342403,1.5094041,1271,,,,,
4,4,1.5998569,2.9807792,1.2780411,1272,,,,,
4,4,1.5598025,2.5384922,1.2767978,1273,,,,,
4,4,1.6628705,2.4562669,1.3353963,1274,,,,,
4,4,1.3635008,2.538568,1.5358095,1275,,,,,
4,4,1.5646164,2.0603037,1.4296321,1276,,,,,
4,4,1.5803103,2.4467769,1.5031463,1277,,,,,
4,4,1.584134,2.616414,1.4897003,1278,,,,,
4,4,1.8252726,2.6146083,1.3578324,1279,,,,,
4,4,1.7149291,2.2283325,1.4574296,1280,,,,,
4,4,1.396644,2.572198,1.6101646,1281,,,,,
4,4,1.6327567,2.3068645,1.2719092,1282,,,,,
4,4,1.5960565,1.7397622,1.4460065,1283,,,,,
4,4,1.6318249,2.2500265,1.6116785,1284,,,,,
4,4,1.6843499,2.2807379,1.579256,1285,,,,,
4,4,1.759304,2.129179,1.5308353,1286,,,,,
4,4,2.01403,1.7332138,1.4331343,1287,,,,,
4,4,1.8324507,1.7533065,1.4750327,1288,,,,,
4,4,2.0048718,1.3930961,1.1289871,1289,,,,,
4,4,1.9566495,2.0559146,1.4017254,1290,,,,,
4,4,1.8968062,1.7078831,1.1429167,1291,,,,,
4,4,0.93102133,2.282787,0.8306215,1292,,,,,
4,4,1.1869318,2.479603,0.4975162,1293,,,,,
4,4,1.2600446,2.335063,0.9335663,1294,,,,,
4,4,0.91457343,2.0971055,0.54236543,1295,,,,,
4,4,1.4599892,2.4669003,0.86248934,1296,,,,,
4,4,1.4408249,2.256709,1.1121421,1297,,,,,
4,4,1.5278636,2.7063713,0.992153,1298,,,,,
4,4,1.31386,2.767456,1.1925573,1299,,,,,
4,4,1.1518192,2.5606413,1.0058379,1300,,,,,
4,4,1.2821604,2.7631023,0.9586953,1301,,,,,
4,4,1.4895205,2.8772645,1.111273,1302,,,,,
4,4,1.5755752,2.7889147,1.3139398,1303,,,,,
4,4,1.7528565,2.7393274,0.95283175,1304,,,,,
4,4,1.3925182,2.5757146,1.4772632,1305,,,,,
4,4,1.5788972,2.74148,1.1920211,1306,,,,,
4,4,1.545085,2.4734795,1.1197317,1307,,,,,
4,4,1.614136,2.5219483,1.1938374,1308,,,,,
4,4,1.5136297,2.562386,1.5159914,1309,,,,,
4,4,1.5420434,1.8760486,1.2699926,1310,,,,,
4,4,1.6258837,2.4124424,1.3980353,1311,,,,,
4,4,1.6261258,2.613304,1.4390895,1312,,,,,
4,4,1.8190457,2.6039648,1.2719986,1313,,,,,
4,4,1.6999371,2.1579423,1.3391318,1314,,,,,
4,4,1.4883859,2.6025915,1.5760455,1315,,,,,
4,4,1.7225579,2.1338582,1.1506608,1316,,,,,
4,4,1.7204775,1.7406241,1.4023362,1317,,,,,
4,4,1.6294427,2.289114,1.4747521,1318,,,,,
4,4,1.6929548,2.2022622,1.4760511,1319,,,,,
4,4,1.7872648,2.0742798,1.4793882,1320,,,,,
4,4,1.9172814,1.6824889,1.3207877,1321,,,,,
4,4,1.9634652,1.6817802,1.4853699,1322,,,,,
4,4,1.817172,1.1369147,1.0394018,1323,,,,,
4,4,1.8706454,1.9695326,1.3007991,1324,,,,,
4,4,2.02324,1.7902857,1.1166513,1325,,,,,
4,4,0.80274,2.4716911,0.6446179,1326,,,,,
4,4,1.063329,2.501002,0.4643467,1327,,,,,
4,4,1.1356355,2.343217,0.88140917,1328,,,,,
4,4,0.70139945,2.0956383,0.5439932,1329,,,,,
4,4,1.3522867,2.449881,0.80600667,1330,,,,,
4,4,1.3672918,2.2302368,1.0383321,1331,,,,,
4,4,1.4566199,2.6643639,0.9467594,1332,,,,,
4,4,1.2177672,2.7546487,1.1607461,1333,,,,,
4,4,1.160387,2.6760015,0.93641937,1334,,,,,
4,4,1.3495629,2.6934552,0.88031423,1335,,,,,
4,4,1.5745357,2.7899678,1.0727904,1336,,,,,
4,4,1.5554297,2.7046201,1.2519052,1337,,,,,
4,4,1.7792895,2.717262,0.85962266,1338,,,,,
4,4,1.4349452,2.5399804,1.450788,1339,,,,,
4,4,1.6641154,2.915532,1.176635,1340,,,,,
4,4,1.5461404,2.799807,1.1044564,1341,,,,,
4,4,1.5812979,2.4996376,1.2718112,1342,,,,,
4,4,1.4685011,2.6527967,1.5505626,1343,,,,,
4,4,1.6644461,2.4597113,1.3003905,1344,,,,,
4,4,1.5041155,2.5593262,1.3571844,1345,,,,,
4,4,1.5138285,2.7617376,1.4478447,1346,,,,,
4,4,1.7363908,2.8687596,1.2782867,1347,,,,,
4,4,1.5743337,2.0920804,1.2859628,1348,,,,,
4,4,1.4062331,2.5940986,1.5761802,1349,,,,,
4,4,1.8274496,2.2821534,1.1921909,1350,,,,,
4,4,1.6578051,1.6945286,1.3310843,1351,,,,,
4,4,1.5510566,2.3209782,1.3565252,1352,,,,,
4,4,1.4158233,2.016364,1.3467653,1353,,,,,
4,4,1.6647332,2.270824,1.4725041,1354,,,,,
4,4,1.9938595,1.9049093,1.2922336,1355,,,,,
4,4,1.9183526,1.7217808,1.4994016,1356,,,,,
4,4,1.9648803,1.3072912,1.0633125,1357,,,,,
4,4,1.9492877,2.1932757,1.3228595,1358,,,,,
4,4,1.9452677,1.8146114,1.0990429,1359,,,,,
4,4,0.87516797,2.1967096,0.54734206,1360,,,,,
4,4,0.9748465,2.3937652,0.42998785,1361,,,,,
4,4,1.1242278,1.9839325,0.7521652,1362,,,,,
4,4,0.66023004,1.7564046,0.46123374,1363,,,,,
4,4,1.2421703,2.1629395,0.6441075,1364,,,,,
4,4,1.2824231,1.8785918,0.9204068,1365,,,,,
4,4,1.4609716,2.194045,0.92574215,1366,,,,,
4,4,1.0874324,2.5881815,1.045468,1367,,,,,
4,4,1.2401595,2.4855826,0.88424194,1368,,,,,
4,4,1.4198445,2.5862155,0.8381316,1369,,,,,
4,4,1.4275331,2.4878664,1.0410879,1370,,,,,
4,4,1.589396,2.6838963,1.1518167,1371,,,,,
4,4,1.8641702,2.7132597,0.73034143,1372,,,,,
4,4,1.426729,2.666769,1.3592125,1373,,,,,
4,4,1.667835,2.7622516,1.1224381,1374,,,,,
4,4,1.5055169,2.472912,1.1298565,1375,,,,,
4,4,1.6078284,2.4472632,1.1989667,1376,,,,,
4,4,1.5150995,2.7064853,1.4697219,1377,,,,,
4,4,1.7382143,2.4053998,1.237535,1378,,,,,
4,4,1.5835826,2.5066643,1.3080866,1379,,,,,
4,4,1.5455556,2.7753143,1.3946993,1380,,,,,
4,4,1.8426676,2.6719918,1.2530339,1381,,,,,
4,4,1.7766757,2.437003,1.2780769,1382,,,,,
4,4,1.5072601,2.7834978,1.5550098,1383,,,,,
4,4,1.8803924,2.2809148,1.1739376,1384,,,,,
4,4,1.855823,1.9589484,1.373682,1385,,,,,
4,4,1.5494783,2.2411225,1.3540664,1386,,,,,
4,4,1.5431634,2.111125,1.3921363,1387,,,,,
4,4,1.7782373,2.2803512,1.4763935,1388,,,,,
4,4,2.0668888,1.8362124,1.2772253,1389,,,,,
4,4,1.9198923,1.6430491,1.3056296,1390,,,,,
4,4,1.9067651,1.2901442,1.026444,1391,,,,,
4,4,1.9327648,2.1422844,1.2569764,1392,,,,,
4,4,2.031306,1.8627578,1.1289732,1393,,,,,
4,4,0.93515795,2.170825,0.57585037,1394,,,,,
4,4,1.0652511,2.348666,0.39034063,1395,,,,,
4,4,1.250303,2.1949284,0.704908,1396,,,,,
4,4,0.69730705,1.7617583,0.32774693,1397,,,,,
4,4,1.204838,2.2856774,0.58919287,1398,,,,,
4,4,1.3677821,1.9788322,0.9415356,1399,,,,,
4,4,1.4874294,2.4479146,0.8965732,1400,,,,,
4,4,1.2294,2.6629238,1.0145125,1401,,,,,
4,4,1.2789106,2.5359056,0.8348365,1402,,,,,
4,4,1.4893829,2.7780297,0.84222555,1403,,,,,
4,4,1.4749076,2.562778,0.9730437,1404,,,,,
4,4,1.6310279,2.8360107,1.062136,1405,,,,,
4,4,1.8924848,2.7269306,0.62512267,1406,,,,,
4,4,1.4603531,2.5222015,1.2599571,1407,,,,,
4,4,1.6485687,2.6862512,0.94418424,1408,,,,,
4,4,1.6169046,2.6508648,1.1359653,1409,,,,,
4,4,1.650581,2.5232139,1.0188649,1410,,,,,
4,4,1.6287848,2.643614,1.4106336,1411,,,,,
4,4,1.6949104,2.478841,1.119495,1412,,,,,
4,4,1.7643144,2.3842888,1.2682991,1413,,,,,
4,4,1.3944716,2.7361345,1.2728204,1414,,,,,
4,4,2.012318,2.7066185,1.162454,1415,,,,,
4,4,1.7517424,2.417867,1.2621672,1416,,,,,
4,4,1.476475,2.6842413,1.4817373,1417,,,,,
4,4,1.8064108,2.314953,1.1878384,1418,,,,,
4,4,1.926944,2.073005,1.3510258,1419,,,,,
4,4,1.6331139,2.2703917,1.3503497,1420,,,,,
4,4,1.5943928,2.202373,1.3921646,1421,,,,,
4,4,1.7753284,2.191382,1.4486258,1422,,,,,
4,4,2.0141158,1.914736,1.2610384,1423,,,,,
4,4,2.092745,1.6645541,1.2914343,1424,,,,,
4,4,1.9717777,1.3353753,1.03501,1425,,,,,
4,4,1.9950876,2.0846715,1.2287576,1426,,,,,
4,4,2.0918906,1.9520301,1.081095,1427,,,,,
4,4,1.180405,2.1636267,0.5446216,1428,,,,,
4,4,1.088583,2.0702274,0.31440204,1429,,,,,
4,4,1.1855568,2.1534696,0.68796575,1430,,,,,
4,4,0.75614953,1.7702456,0.29906738,1431,,,,,
4,4,1.3131932,2.2255676,0.5255286,1432,,,,,
4,4,1.3581231,1.9067328,0.84401953,1433,,,,,
4,4,1.5873346,2.250187,0.9049157,1434,,,,,
4,4,1.4972992,2.5998564,0.98987275,1435,,,,,
4,4,1.4328923,2.410242,0.8408067,1436,,,,,
4,4,1.4742192,2.8190067,0.8555081,1437,,,,,
4,4,1.6024427,2.626007,0.93554306,1438,,,,,
4,4,1.7474759,2.7588239,0.9798169,1439,,,,,
4,4,1.8983783,2.5509295,0.57116306,1440,,,,,
4,4,1.5930675,2.5637703,1.2212024,1441,,,,,
4,4,1.7840347,2.7827072,0.88695264,1442,,,,,
4,4,1.6579597,2.5677156,1.0960258,1443,,,,,
4,4,1.6673882,2.4628713,1.0419489,1444,,,,,
4,4,1.6720226,2.6168885,1.4433805,1445,,,,,
4,4,1.9228182,2.3882074,1.1276339,1446,,,,,
4,4,1.8835195,2.2813735,1.3255892,1447,,,,,
4,4,1.4012563,2.6011012,1.3429067,1448,,,,,
4,4,2.112618,2.626975,1.1728733,1449,,,,,
4,4,1.8221552,2.1504822,1.2470691,1450,,,,,
4,4,1.5284913,2.7781744,1.4827441,1451,,,,,
4,4,1.902154,2.1209667,1.1720924,1452,,,,,
4,4,1.9896158,1.9899455,1.2657392,1453,,,,,
4,4,1.7234153,2.2356262,1.3465232,1454,,,,,
4,4,1.682584,2.1937108,1.4120814,1455,,,,,
4,4,1.9036224,2.058754,1.4474021,1456,,,,,
4,4,2.0807328,1.9746563,1.2097526,1457,,,,,
4,4,2.0727959,1.7137527,1.24872,1458,,,,,
4,4,2.0484529,1.3961289,1.0012876,1459,,,,,
4,4,2.0807319,2.1107812,1.2341917,1460,,,,,
4,4,1.9012482,1.5958046,1.067004,1461,,,,,
4,4,1.2382216,2.1660986,0.5568476,1462,,,,,
4,4,1.2645819,2.1085334,0.33390832,1463,,,,,
4,4,1.2318659,2.3977447,0.7834994,1464,,,,,
4,4,0.8903595,1.8409909,0.39723426,1465,,,,,
4,4,1.233324,2.3135543,0.51094484,1466,,,,,
4,4,1.4145601,2.1363528,0.75457335,1467,,,,,
4,4,1.6646428,2.3954124,0.8609748,1468,,,,,
4,4,1.49277,2.623581,0.9544872,1469,,,,,
4,4,1.380344,2.4814026,0.8681582,1470,,,,,
4,4,1.4410762,2.7866194,0.7244611,1471,,,,,
4,4,1.5320454,2.5406642,0.87176746,1472,,,,,
4,4,1.8353008,2.7873373,0.88853985,1473,,,,,
4,4,1.9745948,2.476737,0.50709814,1474,,,,,
4,4,1.7311523,2.517707,1.1202018,1475,,,,,
4,4,1.946784,2.7144256,0.8857717,1476,,,,,
4,4,1.7020972,2.6131046,0.9938214,1477,,,,,
4,4,1.8180528,2.3552084,1.0485687,1478,,,,,
4,4,1.7087862,2.4158616,1.370729,1479,,,,,
4,4,2.0495634,2.0314484,1.1345983,1480,,,,,
4,4,1.9349512,2.265903,1.2673993,1481,,,,,
4,4,1.4693291,2.302027,1.2885308,1482,,,,,
4,4,2.1553745,2.4565208,1.088929,1483,,,,,
4,4,1.7835256,2.053683,1.1534531,1484,,,,,
4,4,1.6614814,2.8259082,1.407204,1485,,,,,
4,4,2.0278785,2.1452801,1.1785513,1486,,,,,
4,4,1.905049,2.052458,1.2638485,1487,,,,,
4,4,1.7372015,2.1861053,1.292814,1488,,,,,
4,4,1.5909123,1.9436053,1.2363493,1489,,,,,
4,4,1.8669335,2.0094469,1.3748825,1490,,,,,
4,4,2.0095427,1.8633188,1.0953522,1491,,,,,
4,4,2.0194845,1.6028168,1.2344074,1492,,,,,
4,4,2.0071428,1.4845295,1.0256726,1493,,,,,
4,4,1.9647863,2.2128987,1.1900332,1494,,,,,
4,4,2.1086867,1.7508415,1.0545465,1495,,,,,
4,4,1.437623,2.0238452,0.6049536,1496,,,,,
4,4,1.3920512,1.9782772,0.3108379,1497,,,,,
4,4,1.3078818,1.8866885,0.8495681,1498,,,,,
4,4,0.8695331,1.5589979,0.4196937,1499,,,,,
4,4,1.2511587,2.0741138,0.57007194,1500,,,,,
4,4,1.513608,1.807483,0.73046553,1501,,,,,
4,4,1.5843992,1.9503391,0.9526086,1502,,,,,
4,4,1.6050601,2.3552265,0.872403,1503,,,,,
4,4,1.5609813,2.0542462,0.91379803,1504,,,,,
4,4,1.5325786,2.447744,0.72874737,1505,,,,,
4,4,1.4437511,2.3604662,0.8233912,1506,,,,,
4,4,1.8724672,2.425272,0.90883785,1507,,,,,
4,4,2.0481825,2.2790523,0.44396287,1508,,,,,
4,4,1.9645343,2.421065,1.1551588,1509,,,,,
4,4,2.1757352,2.8053126,0.8246577,1510,,,,,
4,4,1.7348388,2.0709667,1.0565941,1511,,,,,
4,4,1.7758081,2.1614075,1.0324999,1512,,,,,
4,4,1.8366462,2.2987907,1.3921919,1513,,,,,
4,4,1.9977344,1.7393049,1.132632,1514,,,,,
4,4,1.9537005,2.2307577,1.0874703,1515,,,,,
4,4,1.6830316,2.3470507,1.3040248,1516,,,,,
4,4,2.1561213,2.2520082,1.0498303,1517,,,,,
4,4,1.8514647,2.229,1.076705,1518,,,,,
4,4,1.7483605,2.8275158,1.3295547,1519,,,,,
4,4,1.9067332,2.3449707,1.125627,1520,,,,,
4,4,1.9188521,2.120307,1.2354338,1521,,,,,
4,4,1.8136967,2.280202,1.3442718,1522,,,,,
4,4,1.5430639,1.8548597,1.198298,1523,,,,,
4,4,1.9129739,2.084998,1.39762,1524,,,,,
4,4,1.9927797,1.8589107,1.0558358,1525,,,,,
4,4,2.0271697,1.5568902,1.206114,1526,,,,,
4,4,2.0956826,1.519148,1.0681505,1527,,,,,
4,4,1.8661392,2.2240047,1.1935266,1528,,,,,
4,4,2.021023,1.4861712,1.0293615,1529,,,,,
